,DIA,IJR,MDY,MTUM,ONEQ,QQQ,QUAL,RSP,SPY,USMV,VNQ,VTV,VUG
2008-10-31,,,,,,,,,,,,,
2008-11-30,,,,,,,,,,,,,
2008-12-31,,,,,,,,,,,,,
2009-01-31,,,,,,,,,,,,,
2009-02-28,,,,,,,,,,,,,
2009-03-31,,,,,,,,,,,,,
2009-04-30,,,,,,,,,,,,,
2009-05-31,,,,,,,,,,,,,
2009-06-30,,,,,,,,,,,,,
2009-07-31,,,,,,,,,,,,,
2009-08-31,,,,,,,,,,,,,
2009-09-30,,,,,,,,,,,,,
2009-10-31,0.001416070586164679,-0.0005424244153864271,0.0010895716983131505,,0.000928891369093362,0.0026674534031899014,,0.0006322133868878467,-0.0004974650407715186,,0.001206680065118386,-0.0008080708243745194,0.00040734135422451715
2009-11-30,0.002740316306975498,-6.779251962628245e-05,0.0018423014378614808,,0.0018262217227780293,0.0038373099764966584,,0.0016472036496175037,0.0006772724391268692,,0.00243393669305182,0.00034943469168035717,0.0015285363946470074
2009-12-31,0.002855086715682919,0.001637698567929656,0.003082877686347913,,0.0030557228904415203,0.00481861412607828,,0.002575740738421295,0.0010579041968352759,,0.0038168745810820957,0.0005916393084743375,0.0021865840105758333
2010-01-31,0.0020606097214416895,0.0009362991005649219,0.0023000902689157164,,0.0018591187622327206,0.0033600617212965205,,0.0017963632642068168,0.00024112312732371813,,0.00267922960131859,1.3360407562085439e-05,0.0011649006431177543
2010-02-28,0.0026422455266783282,0.0017511950664026573,0.0032595604951255854,,0.0026737990386359115,0.004234920121993685,,0.0026037098507671248,0.0008758064980768169,,0.0036989387780166747,0.0005548096070683559,0.0019209914887498595
2010-03-31,0.0035388060846480046,0.0031728656241923393,0.0044870558058838625,,0.003944739919847098,0.005574510462866719,,0.003863226296901916,0.0019476392427060507,,0.005487787935400138,0.0016296894235737448,0.002952651640208367
2010-04-30,0.0036180458944375465,0.004186390867733243,0.0052079615895937025,,0.004221488729966649,0.005726732008693302,,0.00414177895457562,0.002069136164712926,,0.006551829528134767,0.0017996336620324457,0.0030544931318063112
2010-05-31,0.002474958474284189,0.003083372930296722,0.003950741928133053,,0.002901208205941108,0.004430590714877667,,0.0030288397534391953,0.0008713464804409463,,0.006021528276199423,0.0006772514930713697,0.001739995984881096
2010-06-30,0.001440458413363357,0.0011998441191063607,0.002340208483547281,,0.001285738183095492,0.002857649013149589,,0.0012395197314860266,-0.0005616948805632257,,0.004287295013498446,-0.0006669823135864561,0.00021227064437712186
2010-07-31,0.0033079389043095694,0.003136367078813056,0.004316316939231756,,0.0033960555100419863,0.0050737921555951224,,0.0035543809250007693,0.0014603650908920668,,0.007032274943042581,0.0012443360995912248,0.0024211356832741335
2010-08-31,0.0021208327072755793,0.0011208690074933478,0.002711079759786327,,0.0016109677304134728,0.0036348696596214002,,0.0018515237578299708,0.00017564449958708882,,0.006303953907148315,-3.3796114921530035e-05,0.0010640329241830364
2010-09-30,0.0029798794094395916,0.0029074721101843815,0.004298139479749447,,0.003568967061715358,0.005171087197597033,,0.0033421773567835853,0.0013892063660954567,,0.006002236179384437,0.0007663022332025291,0.0026427321635271368
2010-10-31,0.004910428448762262,0.005648140309094916,0.006680261595769734,,0.006131322046709123,0.007969268443465677,,0.005903372503921001,0.0034476465158804663,,0.009578243964142988,0.0029183114102602236,0.004777681797206049
2010-11-30,0.002546141497064597,0.004084805922802659,0.004296534629209697,,0.0029274192840534115,0.004326294458816798,,0.0028064109784010677,0.0007355007281511824,,0.006381180259659088,0.0005415752718719918,0.002017637330374188
2010-12-31,0.0049828755705085956,0.00703233982296349,0.00773317877789765,,0.005350264044542747,0.006516767281091157,,0.006972263362716682,0.003925517133585771,,0.008193220228513612,0.0036359154327548935,0.004587884548769882
2011-01-31,0.006157515693858527,0.0068818299794928825,0.007361846253215973,,0.005443935626749276,0.007080899569024724,,0.007008947525091074,0.004490058592324825,,0.009975838839289626,0.004902990572142535,0.004628205968143178
2011-02-28,0.006849678717378704,0.006962321502576859,0.007981733547179981,,0.0056137216679731875,0.007511196249049914,,0.007219530319891496,0.005339853463371782,,0.010236021854915806,0.0057853133571246565,0.005265941210521059
2011-03-31,0.0066722280186572724,0.006836516712878863,0.0067179045118211855,,0.004846662116018196,0.006099484635598585,,0.0058349687097718666,0.0041943861854800354,,0.006434261073619073,0.004984909076070572,0.003727740242598692
2011-04-30,0.00679896273100836,0.00795571152385358,0.00943910556055368,,0.006390569150666564,0.00855362041757784,,0.0074284379052932305,0.004551999939783747,,0.009846639881641302,0.0042853828097784855,0.00614240694068762
2011-05-31,0.005205054790301328,0.0046356952464097646,0.005956549991883778,,0.004246203787464264,0.005622533289913841,,0.004454022542368392,0.002666096916099269,,0.005295729991129974,0.0026995093188518886,0.0039124786187649425
2011-06-30,0.0046848387329525044,0.0028905712239096653,0.0038484070147331217,,0.0038575837921964863,0.006889380274641099,,0.002865743728188619,0.002517876353514469,,0.0021505933164374987,0.001501106734686435,0.0034711899513231183
2011-07-31,0.003740364843508319,0.004022419626122358,0.006159601830837628,,0.00527768914453972,0.00800677187259855,,0.005424674535736687,0.003023438196521773,,0.007819374971926774,0.0022432406957892206,0.0046556129577201245
2011-08-31,0.001584869114193452,0.001995359816629477,0.005169423117732363,,0.0049664923292994725,0.007421780641882014,,0.003720772640248349,0.0013950538983093738,,0.0051980031828078605,-0.00047653035323789024,0.004423180009561894
2011-09-30,-0.0007786407574339654,-0.0025851889662616948,0.0011628494123375709,,0.003959788310570517,0.007846715849329857,,0.0003083882152240389,-0.0009170012569376046,,0.0008743725541255521,-0.0029099319811257346,0.0022144114912378467
2011-10-31,0.002602353202876395,0.0032982998143831167,0.005821548603674178,,0.006232806900908566,0.00820767560246541,,0.0049664133450994154,0.002722734562178523,,0.004471203588662984,0.0002226137638723825,0.003906473174925477
2011-11-30,0.0026728633673443756,0.0007620491358629654,0.004051642611987863,,0.0053955982572798595,0.00930130109552116,,0.002033172016761918,0.0014855645449809553,,0.0016309716716222584,-0.001667838421247883,0.0044829165903918534
2011-12-31,0.004596154712920854,0.003692912824435544,0.006592132983631014,,0.006209474560232785,0.010539472365814232,,0.003918762905659898,0.002908509072339822,,0.005877547268924612,0.0011264808811311006,0.006417396654488774
2012-01-31,0.003915290098014377,0.002821358403335889,0.003966138897161571,,0.004961671208206028,0.007347537280537566,,0.0033026520967949723,0.002493155402080986,,0.002507015763554439,0.0006030874124028417,0.004163831544276599
2012-02-29,0.00487425644299714,0.007053814744368176,0.007561414848709571,,0.008912451570112839,0.010761251657653913,,0.0072264628386164405,0.005428816433684625,,0.00595477826174721,0.003528097223069208,0.006381988421237978
2012-03-31,0.00892427716069963,0.01145466052295055,0.011790817067984247,,0.013087478058259844,0.014473036921363607,,0.012708405184345678,0.009421497309243089,,0.011247538514129097,0.00930590757503406,0.00996428990901978
2012-04-30,0.003996070017105206,0.007993538420049547,0.00883150587069173,,0.0095445854694714,0.012024171032652499,,0.005754169445379503,0.004586410745413121,,0.009758187981518028,0.0015445289667847157,0.007629890871082477
2012-05-31,0.0011588592809310167,0.0002527778054384036,0.004682687562354983,,0.004888354527584254,0.009265144883965164,,-0.00018176085254741707,0.000258919102759232,,0.0024599442144033193,-0.0023829488962387392,0.005206385225293761
2012-06-30,0.0017703047986005183,-0.00039358447110184134,0.002610171708411325,,0.004146714438144342,0.007677034458300579,,0.00021326436208117031,0.0008677442773034766,,0.0012260989985944464,-0.0010134043610176638,0.0038017213315767804
2012-07-31,0.0033202490476215226,0.002606518423326099,0.005650516852795305,,0.008336889272295745,0.010957112819984134,,0.0025446295953013348,0.0028998885798044503,,0.004560785031286876,0.0003188955708306938,0.007224553284899799
2012-08-31,0.0067496679216386985,0.007352594523644302,0.008766471367405401,,0.011856030411299078,0.014472076370523041,,0.0077693210297406865,0.007581544615087235,,0.007170884994842847,0.005119890990930871,0.010977029618132876
2012-09-30,0.00875938376447184,0.009339307407098192,0.009829460845903299,,0.010937667484002392,0.012379639104318945,,0.010434095934323857,0.008403207844526523,,0.012351150845764979,0.007564409696735132,0.009884863281506867
2012-10-31,0.005786264765986597,0.003709034940281147,0.005121802972189716,,0.00393346406691011,0.005621082290750429,,0.0046391635664961165,0.0036020790264724243,,0.006407951489287359,0.0035296346998542278,0.004503485715276607
2012-11-30,0.004126466626252709,0.002424425903503859,0.00315027789618874,,0.0005744949969943859,0.0019651963657463835,,0.0020173056503383752,0.0014020624944240108,,0.003743604226954423,0.0018932906784560452,0.0019012686144649123
2012-12-31,0.005327590663234693,0.0057068656470576126,0.005870518772369095,,0.002998396500950022,0.004104185441265804,,0.005354938362153118,0.002950631378160419,,0.008820521950171458,0.0033771380428559805,0.0035637170968349204
2013-01-31,0.006247371195618947,0.00411374040071901,0.0068043632913366,,0.0037806674125950707,0.004786096319730076,,0.005433974645768667,0.003502819360711097,,0.009774405420571498,0.004069335771703812,0.004286927878641297
2013-02-28,0.006924650940290271,0.005541493988603291,0.006683829431464104,,0.004127711601139907,0.005691485325382637,,0.005843413756176553,0.004072164256621419,,0.009604330383224379,0.0042151308510052395,0.0044792263961069625
2013-03-31,0.00747407147697035,0.005962743308273343,0.006016750903786481,,0.0029708556304491734,0.0044791035633712254,,0.006026592103434211,0.004147532519632069,,0.007616906321267725,0.0049275182835503,0.0039539389184142385
2013-04-30,0.012187021365932926,0.010985721852262305,0.0119499342160177,,0.0115399907081806,0.012022431576826037,,0.01261835189389044,0.010924230579238543,,0.01781797940646828,0.010516140724571367,0.01105431059981458
2013-05-31,0.0078034443782073444,0.005184260803580265,0.00689750040055772,,0.007262897672916747,0.008370405556542245,,0.006146132018222044,0.004942550577814854,,0.005744345532365815,0.005508989094632849,0.006328815198778414
2013-06-30,0.003878825614614956,0.0020605157387082454,0.0017546234882506058,,-0.0005091668685988136,0.0007354280077029366,,0.0010960112480449214,-0.00027230663597587634,,0.004369279341959947,0.0015782611272830297,-0.0003743526421870498
2013-07-31,0.007166577969457134,0.006587945502742355,0.0063952857522241975,,0.0044581793716605145,0.005342378440969305,,0.007257417190531488,0.004645653985080405,,0.005507675528277348,0.006376425413895146,0.004530749010724025
2013-08-31,0.006387603613363408,0.007999004900841402,0.006265357477086546,,0.005817326787157981,0.006294631523492244,,0.007916389418355478,0.005397812341269356,,0.00790237019331206,0.007005532531082656,0.003912263990107798
2013-09-30,0.007845250122426617,0.011623392496140786,0.00979711049175313,,0.00746887241593195,0.006989118352503401,,0.010683270609154416,0.006868830208488107,,0.012038807050896317,0.0086679290192663,0.006605112525017193
2013-10-31,0.00998593110338019,0.014495874915497468,0.013394012990324182,,0.012501677750130743,0.013948882535309948,,0.01372121972791436,0.011613874331059953,,0.018006240531429824,0.011482825190482184,0.010938028169609133
2013-11-30,0.009633076946173793,0.013931558156439093,0.010982675529555397,,0.012943757542996637,0.014177604052283682,,0.011557117773940435,0.011107393159714115,,0.010402232558226749,0.011201485915932351,0.010792492545756429
2013-12-31,0.011359703484174416,0.014950361683943404,0.012838198263653065,,0.013819155709623292,0.01483247105886309,,0.014349351994767338,0.012444057730121222,,0.011628363915392029,0.011486836340956865,0.013088861884376286
2014-01-31,0.011220323362941506,0.01623542363835021,0.015237606507956303,,0.0144855937162399,0.01541465312473363,,0.016270376630246833,0.012660987453889331,,0.018588476569095087,0.012781049094136951,0.012394328737191849
2014-02-28,0.010840486307307221,0.014793942983782534,0.01272163293463888,,0.014485983981774309,0.015125602916905952,,0.013470632596874548,0.010730268115542589,,0.01701200216813694,0.011647007190825141,0.012127154195847832
2014-03-31,0.009273478126608186,0.013025036656031982,0.010985811571297887,,0.009853789576862965,0.010968737053015338,,0.010320861530020113,0.008442263446818534,,0.01230072439647351,0.009804827105462682,0.008408416743845435
2014-04-30,0.008748779340726546,0.008120065654001382,0.009730624436841086,,0.009798372068474946,0.01173154176881642,,0.00962439210236274,0.008091568798543633,,0.011522928530307735,0.007502649370101517,0.008527548092019313
2014-05-31,0.01105165829762725,0.011525052756170698,0.011249536578617355,,0.011817116869523145,0.014218926000486541,,0.011621004565862684,0.011402760113899582,,0.014850943170919952,0.010569229990266188,0.010766908177900325
2014-06-30,0.00906438941272705,0.012325678729035255,0.012030390684095742,,0.009449216919055776,0.01124690023670527,,0.011754742173209855,0.00897227329571713,,0.016579670832554485,0.009897843237055691,0.009262452118089114
2014-07-31,0.012182486974376877,0.01608425072410372,0.014843023896283704,,0.01450755563275672,0.01696693233619076,,0.01579844276073476,0.012734141363393887,,0.01573295202820876,0.01364874493543398,0.01370590867113456
2014-08-31,0.014158623894480164,0.018412359769897194,0.01635775051981019,,0.01724961907177997,0.01883339309173482,,0.016056453800212953,0.01521760590411462,,0.014676660703737075,0.015857127347019842,0.015357474770319133
2014-09-30,0.009294392350239888,0.011298561456494488,0.012960048968584114,,0.015556946913850178,0.01766128893202795,,0.012451757696687004,0.01091271816077712,,0.012224630439993183,0.009331979869944704,0.012798476157383764
2014-10-31,0.011221420867959861,0.015984210256013535,0.014167640584980086,,0.018750258662410094,0.019118822070636463,,0.013558234992950956,0.012126366380252331,,0.013554554936258588,0.010729932978053816,0.013832188595520475
2014-11-30,0.010754431190515442,0.014558480765173819,0.013079102059034486,,0.017932681582192054,0.02006830408089345,,0.012910833985715587,0.012211800839026227,,0.013800319573399196,0.010295791238548296,0.014372174328083236
2014-12-31,0.010063449717817953,0.013858227310632592,0.014243903825657702,,0.0120164000255541,0.01278891139542838,,0.012927171345839428,0.01058764669123136,,0.014308959776588812,0.010663384871961787,0.01164793242878349
2015-01-31,0.0030191050084212136,0.006374013249489479,0.0037573666860146516,,0.004159359556067231,0.0044506215915568635,,0.003047087794886861,0.0017671282289992549,,0.00954421734758135,0.002071157856231961,0.0026869269649230755
2015-02-28,0.009857618781270606,0.013382771522217498,0.012781392840901644,,0.012315163299069726,0.013311234513634885,,0.011848735529608502,0.009715872638029853,,0.010977560161395188,0.009887897338412213,0.01167297817514437
2015-03-31,0.006757294435822845,0.010699115929535171,0.010213910992612985,,0.007121483602954037,0.006720182024622225,,0.009676125371591971,0.006216428655099791,,0.012318272316007777,0.006418934907196883,0.006687829232980142
2015-04-30,0.011039524520825553,0.014161504598657606,0.01160060761718274,,0.011037967442081511,0.012246315764337693,,0.012108198162826279,0.010708357606279391,,0.00919933301223609,0.01145545321511674,0.010407510005614623
2015-05-31,0.007932148151634417,0.010624361465680071,0.010787051285790562,,0.009713651227307026,0.010511521710091383,,0.009546897246391257,0.008131152320922715,,0.008080900979041584,0.008506562026324958,0.009106499450128137
2015-06-30,0.0033735984286145638,0.008882812440442976,0.0060531656554009905,,0.004586304837776806,0.005079129840402788,,0.005412184561918725,0.003807146650491025,,0.004122415772925741,0.0037299626956845172,0.004981601067856708
2015-07-31,0.004792866506063978,0.008988411194526208,0.007221634904750459,,0.008192943532191407,0.010262535235853992,,0.0069158508535422415,0.0058291067658148,,0.007956375793690818,0.004825657775295985,0.008895950411516718
2015-08-31,-0.001706844005923403,0.002336643266040903,1.4652037488032604e-05,,0.000657629484019602,0.0017249530988947578,,-0.0004369635793528347,-0.0009898495458392415,,0.0012478245256943759,-0.0017953095198470995,0.00035324003028971957
2015-09-30,0.003000257355294402,0.0072807662534796706,0.006798810508506874,,0.008108483086419675,0.010452801515268369,,0.004732901806664046,0.0035657403980220424,,0.00417764615052539,0.0015338141737479024,0.006360301988304568
2015-10-31,0.004841948400517098,0.007482798424811663,0.0055557436194073485,,0.010029305242458892,0.012050558510825413,,0.003681340328608871,0.005296172263963145,,0.008542564017552884,0.002649036449447862,0.007743624496568661
2015-11-30,0.0020538110325191102,0.0055216393885666355,0.005298205001513256,,0.005870857084069339,0.008766364321255007,,0.003921698189710423,0.003319671887020657,0.012164767312004011,0.008279447511833155,0.00202043310161942,0.005679834583233081
2015-12-31,0.004912828649116147,0.008088110080926468,0.006890633904004987,,0.00879423596400288,0.011043393221167203,,0.006079343794876226,0.005064937501056832,0.012030846065116575,0.00766283804884664,0.00493460804809759,0.007055513605328475
2016-01-31,0.0017460946755120258,0.0024339066029225817,0.0024226818810159523,,0.003962359800908703,0.00729009809676398,,0.0006446577281934831,0.0006436310065495933,0.011473671994284522,0.0023091909479152507,-0.0009655640393410786,0.003183249696817676
2016-02-29,0.0038970307671218687,0.005708881534781427,0.007157851499532633,,0.0072972298720815456,0.008566696196646623,,0.004519873238460353,0.0021385156097589314,0.011498646082950436,0.0029989948740290146,4.3209393238537964e-05,0.004928652784193827
2016-03-31,0.01071234951446425,0.011526529807754612,0.014042472976749236,,0.012142020535515415,0.013978746570803635,,0.01132414012696292,0.009477835896370603,0.012370876714555801,0.012039969875320274,0.007565436769653839,0.012751275760358286
2016-04-30,0.009905984440694427,0.010479454523404132,0.010796996949357417,,0.011068118667835756,0.013161082691537342,,0.010293720379735721,0.00874740082117327,0.012139431617300226,0.008232633311566935,0.00835672370438726,0.01088862061742814
2016-05-31,0.010772324986005761,0.0132571660608023,0.014274833447746741,,0.012566888586080667,0.014667152013127571,,0.013044341610663299,0.00971144761340418,0.012202547115000672,0.00779537201008293,0.010246832878661771,0.011438447660590429
2016-06-30,0.007897678102609326,0.007741018691289924,0.010514258609066391,,0.00648814589704636,0.00829114247094377,,0.009847768145446096,0.008013163720599707,0.012801710455667664,0.013007288907691787,0.008304040498980848,0.008278265981474695
2016-07-31,0.006036304744144799,0.004985678466534033,0.0037083345359911896,,0.006554605352178807,0.009483078597486176,,0.0039332884459780575,0.004600181335873704,0.012879484488299751,0.002981288181898984,0.003335772828228539,0.0059942497431630165
2016-08-31,0.007370527165445969,0.00716543014498279,0.007360468344614564,,0.008122905699724608,0.008896003388162568,,0.007190597770913857,0.006810923164747142,0.012094879055149865,0.005516119738226816,0.007849670414448244,0.0061254238008182195
2016-09-30,0.006796171699766303,0.007020819185313532,0.005269936980602361,,0.007421971551707475,0.008947368564963927,,0.007807509905972732,0.005982948189645169,0.011628650904961584,0.001422316827226575,0.0069982512958976575,0.006288676559595366
2016-10-31,0.007885831634304327,0.0047771603975704175,0.0066344108017173066,,0.008244454077157013,0.010905489046197057,,0.007982677172102645,0.007931628623776473,0.011151530417765999,0.005830004595117078,0.009052749008084426,0.00679053521468921
2016-11-30,0.009340068949329502,0.01054454319608132,0.010228607797103214,,0.011412535889165994,0.01280610662250768,,0.010182696330221414,0.008604554213603656,0.011308229657907655,0.0018786041765055043,0.008052333201505934,0.009348224841238467
2016-12-31,0.010648159604468226,0.01208260047414165,0.011969395891574586,,0.010574057084760993,0.012854865645955062,,0.010166893998595767,0.009356743746114398,0.011669228917002006,0.004290548296834043,0.009634918655093376,0.009688425024727835
2017-01-31,0.007403139320780363,0.008358005510778114,0.008171495842725897,,0.012136529397764755,0.013234762001342467,,0.006358714723513615,0.0065052534252251284,0.011089849630722579,0.00042676493285521494,0.005137051766649021,0.007421121265657851
2017-02-28,0.005035977003153264,0.004519426670474106,0.0045698473718919245,,0.008519151051844023,0.011233740478301779,,0.003689298717489018,0.004699180629847848,0.011261365632483197,-0.0005901539361375171,0.003590009909371025,0.007081334534556643
2017-03-31,0.0007401646089123546,-0.0004650899775936122,5.3727147881136795e-06,,0.0045729785526746,0.0066251564896031645,,0.00026281501752217567,0.0004721402610724726,0.011099534312731465,-0.0061661514705214256,-0.0019539756703352215,0.002620030198372946
2017-04-30,0.0023765153423701904,0.002881503213462492,0.0012826117938848761,,0.005616637607895479,0.008929795860694261,,0.0015294980659955406,0.0024284962576918393,0.009818499535807951,-0.002617837348739678,0.0001535908428271999,0.00463607756920984
2017-05-31,0.002199547264107394,0.004696317643859726,0.004938262319823588,0.012639961248741617,0.008814872991949958,0.011557523467845532,,0.004443993200523175,0.005120983307314816,0.010561070598005469,0.003531667125047566,0.0017786210850268987,0.008247040196603451
2017-06-30,-0.00040557124501043276,-0.0004047207699167021,0.0006747892894957155,0.012511607278452328,0.0026066850358552494,0.0042615088321992945,,-0.001155324031929654,-7.427846045532117e-05,0.009816886811235053,0.004747923293765854,-0.0006931619695425576,0.0028728462493794143
2017-07-31,0.005690806941357952,0.005732303159493397,0.006109181272983974,0.012970178420332214,0.009360910325854994,0.011834665815462197,,0.005773974810314288,0.006399090392712877,0.009660968707185231,0.005438398696540054,0.005172610988185054,0.008005317621511486
2017-08-31,0.005792737715007895,0.007566417888072554,0.00591344821829486,0.013002144307513617,0.010142914744035877,0.011873546113382061,0.01094922118480136,0.005260234220118286,0.005938839681139875,0.010492170940553953,0.007977937738038678,0.003214816459262183,0.008566807529978926
2017-09-30,0.004473790439162662,0.005881177275101404,0.0049640555047757925,0.01329369505713167,0.007785985172086248,0.008810934488284737,0.011229758495180087,0.004659972266546134,0.005657048636481075,0.010476877566008687,0.00522459293790535,0.004966474458579651,0.006847445103075296
2017-10-31,0.007758077863202264,0.005858362417513908,0.005384023526890227,0.013982360260710636,0.009924153125908003,0.010307189476778734,0.011620037422604784,0.005572431118711593,0.006473792858310841,0.011599457875871296,0.0009331335801246158,0.005080545100597006,0.007495756325475337
2017-11-30,0.007270958355275131,0.006594791198873977,0.008096181140424931,0.014155210794136442,0.006938344527813557,0.008228966877980384,0.012076214799008578,0.006453374930859139,0.005623712857423494,0.014585602982669659,0.010969396927687081,0.004349084180869112,0.006776945201895055
2017-12-31,0.01201748071892254,0.013654754156793049,0.013210581624074572,0.013912532720852525,0.013475217809994758,0.012822166152883438,0.012078385173376414,0.010971066968870668,0.010094795315784163,0.013463160803390866,0.0055115436038142025,0.009369999983348887,0.010605309294817188
2018-01-31,0.011352306207027223,0.012401437508372543,0.012198042553249733,0.015327014619678335,0.015920491041113247,0.017241227848840378,0.012727260305389251,0.010981750637765712,0.011471223750283841,0.011929581135535852,0.004385324997903371,0.010519238792054708,0.01317117223148141
2018-02-28,0.009231831704746025,0.010713762541864619,0.008263284923340082,0.014874470950343423,0.012790122699482619,0.014595705051521607,0.011945626517782242,0.0102833758876681,0.008678543896535777,0.009929656311342717,0.007339733899752449,0.008558985310526719,0.00986117188896022
2018-03-31,0.007022880724700477,0.010583737036566832,0.008600564062352944,0.013685816604878125,0.009511952864489236,0.01085437320097715,0.011425464703912714,0.010147830801386605,0.007698908049269891,0.008535991278443381,0.009217598321130746,0.0067319783836610235,0.00833355758447963
2018-04-30,0.008901740201038556,0.009805900668730171,0.006629160630736743,0.01357037929675526,0.008802549234329465,0.010019638126509538,0.01102582448688816,0.007661024825987812,0.008144021332285702,0.012324545156834142,0.0074345974544522565,0.007828479006494141,0.008454584765462722
2018-05-31,0.0027458127164540257,0.002576714649198789,-0.0015009076944058966,0.01371387798958787,0.003308420477961183,0.005585190318599593,0.011396743389781892,-0.0009307096480309303,0.000974466239510641,0.009326594850152161,-0.0005993613955318028,-0.00013653510611454103,0.002436680362121903
2018-06-30,0.005749968776142462,0.007080986356602049,0.002415768819242395,0.0133499548158216,0.006275736017015513,0.007789851293127536,0.010923728359081229,0.003960031225376719,0.005169826273195282,0.008288954122507342,0.010129578246325228,0.00571298069408558,0.005461335053549416
2018-07-31,0.007669633173645864,0.007438174612776024,0.003512281357852852,0.013965736345289172,0.008279174614113009,0.011115915563483231,0.011501812494963024,0.005724093014823939,0.007786242914962627,0.010244224217715703,0.005881283218747022,0.006998816403417208,0.007775864760320416
2018-08-31,0.004041846331920801,0.004926037808018619,0.0008884227107996836,0.014919641850394834,0.004685710337311342,0.006347062345639842,0.01209531455438451,-0.00017577773307293662,0.002226809965088665,0.011130613106647742,0.0026876134388449237,0.002094344318682766,0.003960983019291985
2018-09-30,0.011225149814703406,0.013243427243218631,0.010936743174212407,0.014748707179861426,0.013735100495976517,0.01540322027219607,0.011721346477272455,0.010518896972071631,0.010825614729388292,0.01151305511503308,0.013541226475351302,0.010496139140119395,0.01112503988011332
2018-10-31,0.008652605256375555,0.00883559475983171,0.008934954957990824,0.010756302785412241,0.01101956226580775,0.013349734594538441,0.00989338212517901,0.008293552044682372,0.007057716626931612,0.01154296391405839,0.008388542083973294,0.005848173647664144,0.00963365634989178
2018-11-30,0.013503303971359857,0.014990891840614322,0.01685716604952376,0.013098561140286636,0.017397416031846132,0.017546797375675834,0.010883393060077389,0.01688047583110748,0.013447082058382085,0.013334745146635206,0.01668391680992266,0.012979337777421395,0.014802136552870972
2018-12-31,0.008504700634427891,0.00808913044435871,0.01063154268047712,0.01003212904579096,0.011073220172132137,0.01276204108473173,0.00711520411039392,0.009597955326776264,0.00791887264800547,0.011086197465578531,0.00663783633976836,0.0064317333455465595,0.010337730118732607
2019-01-31,0.013743854057791263,0.0179476604396818,0.017993004861837567,0.013110942254223695,0.01752155978770979,0.01761266485191942,0.01098451670532425,0.01705186914213795,0.014056446349095178,0.013167571574487601,0.016524999376217903,0.011987373221053397,0.015435038925942574
2019-02-28,0.01682929436577216,0.02032928204830331,0.01958607865798293,0.014569206684370926,0.019428823910247722,0.021477915505653623,0.013018082815990397,0.020994611655961906,0.01720746401571119,0.013653008139482684,0.01978608020956736,0.01656381816690179,0.018060694739635938
2019-03-31,0.01552154756366521,0.017333133563133714,0.019495064652887,0.015548736127549928,0.021128931291373842,0.022070138346107524,0.014013806782021998,0.01991480900366693,0.01855177387534991,0.01439910714014907,0.02227330922326495,0.015973483045349107,0.020117504103780694
2019-04-30,0.012000402245107117,0.013609089393031697,0.011545882770425415,0.013069054527996334,0.012998357181748665,0.013761659686248194,0.013450247311461758,0.011677782223473867,0.011226029546828983,0.011695133331787453,0.009843470788563374,0.011386396956378995,0.011989572777799525
2019-05-31,0.00957548232687805,0.01074831595571101,0.010342641346141875,0.011692820954638814,0.012440729799596683,0.01376631874400754,0.01106304426019845,0.010856474692568783,0.010104662875889426,0.013832788018500377,0.01717278998436033,0.009015621411908448,0.011688708699187396
2019-06-30,0.01425414334273396,0.01543105125856699,0.015299656149348386,0.014217596383480491,0.017255193120695855,0.01618340111279041,0.012006087918907204,0.015976133773467096,0.014708450404073963,0.012939339497013,0.01292079694099246,0.013993337719362028,0.01581851298081153
2019-07-31,0.013337912348205054,0.015279289776123922,0.014766790959308303,0.015503441812462186,0.01619273249048289,0.01669707433092091,0.012868416317308232,0.013616008134410036,0.013975274098484572,0.01374108783118812,0.012048895156336049,0.013024454122539516,0.014293909515098428
2019-08-31,0.011605990733054192,0.009365522762596291,0.008555644469173614,0.013940340422920272,0.011707426129049505,0.013446897857044891,0.012399661500256261,0.009802650072708304,0.010575156663227548,0.013813371060899764,0.012835753895964447,0.009666706018797782,0.011827527060100583
2019-09-30,0.013471697131840358,0.014311158869564489,0.015144502556310252,0.013646240971906174,0.015175994250160958,0.01554848446966679,0.013184456265680603,0.015386516236565964,0.013023076439379737,0.014318185934031148,0.01721175921159578,0.012299939014146288,0.01401553586251125
2019-10-31,0.01441519310770829,0.014497645106241656,0.013953413787546373,0.015231407494715233,0.016381884333044956,0.018321718230900407,0.013088986338568372,0.014747771841820691,0.014784668177886899,0.012980381034478463,0.010627237454127353,0.013471576431409706,0.014930314221982422
2019-11-30,0.00884635296333637,0.007809635409770334,0.005585272923863191,0.0141892849054328,0.009674128743497473,0.009908458651057342,0.01025781052082239,0.007368646917129307,0.008892284715447243,0.00993427194267821,0.0058203604819446475,0.008480001165013023,0.009332163798841202
2019-12-31,0.008090131281232727,0.005224000298402809,0.004842668921710044,0.01341811291617371,0.008860673227188393,0.008534815296219094,0.010808809305161123,0.006113591258902289,0.007030106042468029,0.009673279213589491,0.0034827748724543086,0.007278444580556336,0.00776978024493682
2020-01-31,0.006614214411092129,0.00566091512584993,0.003851684516946999,0.015073963844142507,0.007911967944806048,0.00874723601263447,0.010185247274206463,0.005525122571549556,0.006772302357606328,0.011198451937617733,0.007780855204041077,0.005335272318101486,0.008191867119927488
2020-02-29,0.003709483945908445,0.0012054736563513893,-0.00022204452052153716,0.009368911318728735,0.00606324467997169,0.007471037090890656,0.0071714102964638765,0.0011672603054637316,0.004050890143879773,0.008005699969382012,0.0044558044448860185,0.0017072398895558087,0.005147630122068241
2020-03-31,-0.0018846821090336716,-0.004790695098538375,-0.0069994505252099016,0.00408064069400212,0.0004942781458206302,0.0035811434789813634,0.0012918570581820724,-0.004597928532658381,-0.0008539638011187461,0.002871340739585031,-0.002234927745535434,-0.003413339995778451,0.0012515330905831874
2020-04-30,0.0033894814083569114,-0.0017296084277957573,-0.0017496900208089873,0.009936931218270446,0.007069858287361018,0.00975869420418707,0.00661585786005717,0.0008042922032053301,0.004186316067191909,0.007946362969631375,0.0003063589268809649,0.0013619850137685562,0.008859599565927676
2020-05-31,0.008068069541391682,0.0053418002130700745,0.005492862231225735,0.01591116627898996,0.015051113413320613,0.016405059444196304,0.010726131952755192,0.0064583199376816855,0.009795784763358453,0.010422748656972437,0.001350538915502177,0.005379244727042265,0.014872000926276382
2020-06-30,0.007641642615124843,0.006390954360401494,0.003789430647654073,0.016478178045471057,0.014429952669447774,0.0159518786531939,0.009520838770114974,0.0044924642499043635,0.008469698744415749,0.008798288107114971,0.0023834829766933158,0.00371193062688977,0.013002702358706993
2020-07-31,0.00495749808290997,0.003349633360031299,0.002681100057951419,0.01616061966902201,0.014655171097839289,0.016823177734117498,0.010542590959185,0.004133964167720459,0.00856883461680161,0.00981428923664332,0.0013870874391674697,0.0021541865574610467,0.015052563940151475
2020-08-31,0.009805160427441156,0.007726321892422361,0.004270687645739879,0.020598101660216934,0.020415025476896498,0.023471772404756973,0.014485291320822154,0.006347652860948378,0.012321572415142186,0.010809456576179688,0.0034907897037200113,0.005501905887365651,0.02022295988914785
2020-09-30,0.009400231725618834,0.003765810511254033,0.005906077092596249,0.014232430478611615,0.01377275438103199,0.01668479743200903,0.010824737719820914,0.006657509694786839,0.010115542027126705,0.009537267454898442,0.006136537241961542,0.005996628479257542,0.013067236728771182
2020-10-31,0.009043227594710174,0.006738347487044698,0.007074482368315479,0.012173880625740728,0.012356705527834548,0.014055011821234187,0.010244149914553864,0.007731941695622632,0.010427727070104868,0.009383685505799497,0.005157030666347387,0.006770822794880877,0.013688315693836191
2020-11-30,0.011811561348719328,0.013018727723534056,0.01186065279681939,0.015586068404741476,0.016288432358503656,0.017355460932301305,0.014628718290295233,0.012269319008182676,0.013741700376884144,0.013435891966303386,0.006962093978478268,0.011284891295252187,0.015016719251850453
2020-12-31,0.013765842624191178,0.014776103801806443,0.012783825964373325,0.016154816573324147,0.019655083757031913,0.019373822231238978,0.014145637994365015,0.013392590769918984,0.014874345243662282,0.013583599719434663,0.005814359994449033,0.011664219239383166,0.016993460334839255
2021-01-31,0.011452690819622167,0.018853037941063862,0.014163699808221821,0.01693035875194623,0.017314267707257896,0.01870347495473023,0.013423998432886858,0.012511017595411119,0.01245740824526883,0.012038933575499011,0.008429191594673287,0.011728697167332155,0.01461065644663425
2021-02-28,0.014240035030847214,0.019356241120159372,0.018056328533050055,0.01754631748536801,0.02126819737345972,0.021829335075870038,0.016967031674317557,0.016613165578404084,0.015483305156106327,0.012980878139020042,0.012274202922022678,0.014370699965442272,0.017962951991114105
2021-03-31,0.013871048344343564,0.01506738415931595,0.012762687789589928,0.014225071902384227,0.018463036788166902,0.01900618497052735,0.014253463673433536,0.01474929732956572,0.014734481624130961,0.01453830680205072,0.011484874963541288,0.013493896540842529,0.01672011576107578
2021-04-30,0.014486396257628311,0.012804081213189357,0.015522142791924915,0.017335009623874947,0.01853417956823061,0.020315228633324127,0.017655936765896843,0.017827546940939475,0.016223625232915824,0.016476998849255946,0.01547849769681055,0.015170126289808118,0.01813034419347871
2021-05-31,0.009317371518585043,0.009545822631806438,0.009168922989736313,0.010626901846426515,0.010483169876767366,0.01286859253355339,0.012181116706665426,0.011956589357128152,0.00982497303811864,0.013709453098029399,0.01335932744460564,0.01091068376426555,0.009452078580860428
2021-06-30,0.00980540770891508,0.008428640469425047,0.008548039675213158,0.013907220674331311,0.015251173307752745,0.0166341493958584,0.012126587921078442,0.0102308700004932,0.011153493151433574,0.011907757852404078,0.0030613386630232915,0.009795443569147171,0.014124681746683727
2021-07-31,0.00541463101349496,0.003034458477334642,0.002930969326801043,0.010904306924244319,0.011109314430557238,0.01254998800332204,0.010905541310885294,0.006037634952361021,0.007288775037986119,0.01023762046270826,0.0027315217249903453,0.004960424740827764,0.010064284135896048
2021-08-31,0.006887143636445548,0.004068453525143417,0.004754954388609331,0.010575599461359638,0.01316188491790667,0.014746416909585397,0.011623067014749742,0.006731377078027837,0.0098770665092596,0.009451263686314744,0.0030164024409982133,0.005571507734549244,0.01290829464260814
2021-09-30,0.007813112417189107,0.00973861102458112,0.008645106337970046,0.00897172857498846,0.010771874751228858,0.011748566380903781,0.010231477876440426,0.009501976126537352,0.009014675226423454,0.009476753838102479,0.0101588842774029,0.00876081078824375,0.010631976145125148
2021-10-31,0.014578648792488543,0.012877788345607951,0.014241626597103065,0.013937936880912853,0.017929869558640316,0.019975939716603466,0.0150450319417783,0.015256135550863442,0.016087462646799826,0.012649162570239882,0.013088068652319668,0.013788443891637824,0.017709003676520608
2021-11-30,0.0036520365145697067,0.0014760111575347495,0.0007652731758164079,0.009223294457775606,0.009236711142136995,0.011966480731428876,0.009812496450594331,0.0039001765824385106,0.007580365835290272,0.005527068866426988,0.0038847962187805434,0.0032805617511698095,0.009269872898989994
2021-12-31,0.008803463832075576,0.00742684293774509,0.008877979160304255,0.011509190177304715,0.014251845879334955,0.015665757006829494,0.011934477483875898,0.01069251778764477,0.012115729253538456,0.009581606504293098,0.009975825718441682,0.009492396197481602,0.01330175785969813
2022-01-31,0.013334250168869693,0.013996131806955692,0.014728878497363155,0.010346472870203127,0.01595525787502056,0.016670750330027243,0.013966966313798613,0.01706273915590658,0.01647382560365096,0.01293535422935133,0.015466938800155941,0.01587944569894137,0.015811939293562085
2022-02-28,0.013009800482298536,0.013303364181830389,0.01599026887319533,0.008993971859683083,0.015560090492305763,0.016473016959738292,0.012723491191948324,0.01756154201571711,0.015187762782548695,0.012504729427025312,0.015027576280193078,0.016269729638536613,0.014894611184097413
2022-03-31,0.011854329779324619,0.01215271691186276,0.014758234802241811,0.012215202076578224,0.016887083906037114,0.017374571375846085,0.014064657659695202,0.01648045677741976,0.015938402643625806,0.014300994151119344,0.015357139450458692,0.014967492234278259,0.01554951818658831
2022-04-30,0.009488075381359377,0.007065421185845868,0.007627007365857821,0.0058801985244424345,0.00802386615156704,0.010309131876887269,0.009978105588065873,0.010649100228926916,0.009462557804402628,0.010600797709031908,0.01516637201748574,0.01158072215950088,0.007830306337923703
2022-05-31,0.01275843994436342,0.010638442627273986,0.011126385989596253,0.006582471734771404,0.011797617076602995,0.013191521415151496,0.011051371752707947,0.015152268290506523,0.014247473768429681,0.01280261407752242,0.01189818605208853,0.01622729117405294,0.010551327054802537
2022-06-30,0.005674795712294899,0.0054607509519851456,0.004879836935424842,0.003050735084036603,0.004632313916254024,0.0037862083946082763,0.006186153982787768,0.00711691618104158,0.006574914065015722,0.008711246478198294,0.004815889304823722,0.009172863174654475,0.0029095672800714062
2022-07-31,0.01021513993881164,0.008641673008767236,0.009293897251120849,0.005978790689148777,0.010358593627734837,0.012207301379805264,0.009122468371170419,0.011462354544680817,0.011013558708260296,0.010220807347627429,0.009067813033447492,0.011621953632331969,0.01075914415212697
2022-08-31,0.008403619077498137,0.004372774849049805,0.006519126662728958,0.003961825998514706,0.009391575759722853,0.00904612152005971,0.007107652405962884,0.009763139839246034,0.009444878411729727,0.009029189716855979,0.0038769674418669448,0.01015827101363178,0.00780329427848682
2022-09-30,0.0035403085821023037,0.004566390793617575,0.00440993552881953,0.0023838464071857333,0.004800272248310165,0.004279799289756376,0.0027631126278608925,0.0067851606539563345,0.0055763462204578024,0.0047878980145399964,0.0015384417227619653,0.005173934632499237,0.0038473538628025754
2022-10-31,0.014974010921091147,0.014703115952093547,0.013740231868243018,0.01455086484982288,0.01178548390179929,0.012304196814724888,0.010993110015588808,0.01419926704561258,0.013297677967242062,0.012370739871205632,0.008461879926283876,0.014792272595333186,0.010221195929347164
2022-11-30,0.01864234114884678,0.01802752521385789,0.01849232387946627,0.014633437212734494,0.01670352860717036,0.017277319708123913,0.014345699856685521,0.016946173938492865,0.016551391554064983,0.015496028297022553,0.012691415276422596,0.01839514337757677,0.015865477422106863
2022-12-31,0.013845997276068606,0.011894766277543144,0.012411578349190159,0.010828892825412722,0.009865080845815282,0.010313746130267825,0.009981010834429092,0.012880369014616267,0.0105986301783297,0.010607058772847082,0.005496141773143286,0.012794869736041289,0.007668169466674247
2023-01-31,0.01561535031488553,0.018285759959081386,0.01794655933139225,0.011398777364200098,0.01836649124043753,0.019438407936981286,0.016090674287773037,0.018571313455924585,0.016133893259654464,0.013127748238704082,0.014047777440836996,0.015971896940774943,0.017006433525342375
2023-02-28,0.008637646109420681,0.00949171381299871,0.010409420965262584,0.007731113187472522,0.01427601118498939,0.016780071849713876,0.010764733119131372,0.010198431886061725,0.011233136597532698,0.009032355444668993,0.004245954637715561,0.010245694891882349,0.013627611546161775
2023-03-31,0.006545189439955359,0.004060130868322659,0.004143799612011752,0.009294213240039418,0.01673534494990989,0.01846234110476141,0.009587275808894947,0.0056470329101042,0.008815373528981253,0.0070260899026580136,-0.0022554224843325437,0.003851783977148217,0.014818140020800454
2023-04-30,0.0032549583791772955,-0.0015134770434802045,0.0009987407078626517,0.008843335958144577,0.010434101691193904,0.012250235649639217,0.006878012074485295,0.0034748869639725545,0.004797081190028849,0.005641733503190349,-0.00010722629862086101,0.0019531153203017114,0.010521126093330998
2023-05-31,0.004046963017650146,0.0023515082204812335,0.0026633486698245225,0.004033173464509206,0.014615371946128441,0.016753767819700276,0.007320189391822084,0.005075465725847603,0.007429274405672158,0.004590916260979928,-0.0013972958879957954,0.0033877589616853067,0.013527094729829686
2023-06-30,0.007790110226277691,0.004799758364400688,0.006662470557747566,0.011286173404715844,0.015781494380933854,0.01854434241026097,0.010106650858515032,0.007938922758950655,0.0101873979949881,0.007820020415215978,0.0014068779962009242,0.006921935556574325,0.016124185146598847
2023-07-31,0.009253073245619874,0.00914589881833361,0.008878899597883405,0.013454793761306186,0.017242082997990113,0.019105800319550816,0.013334341397130226,0.009239359913501107,0.01263704096296881,0.008772195200429628,0.006006821671495936,0.009426537044775165,0.016192373507406883
2023-08-31,0.011778260416521063,0.008497235977074673,0.010370907117996615,0.01366122104132013,0.020853667919298012,0.02407018242652698,0.014922929511529591,0.011131523679105311,0.014377938517721697,0.011282879833949249,0.007030108620098741,0.010628780244278508,0.021051627274284918
2023-09-30,0.005975694655089986,0.006359712352651981,0.006699034107397919,0.006722511964096596,0.013840846763346439,0.016604576539593713,0.008464958440426473,0.0063275176856355374,0.007658946146276397,0.006447086600175701,0.004467341511755302,0.005601969702847274,0.013361223500923431
2023-10-31,0.004952849597891229,0.004990469372766808,0.005856181983610547,0.004304123066560147,0.010283096400675349,0.010667763672273348,0.00678244624085248,0.0040736917418982225,0.005520712322060934,0.004913682638768298,0.001076517918872117,0.00335125085620993,0.010077527641043227
2023-11-30,0.007173202054266919,0.004645740427475456,0.0045330464465942865,0.009175945352308213,0.012672889661184253,0.012928316542010137,0.008309569979229053,0.0044825376504938775,0.008142919381273291,0.005820673820907005,0.003064416562406264,0.005810921635366417,0.0115665979294394
2023-12-31,0.011563694622714608,0.007608047873484707,0.009288765559109178,0.010199249957946532,0.014687819310897457,0.018167594308089344,0.014175571823202745,0.00941052364039416,0.013575429593879234,0.01036795233282764,0.008805150796477867,0.010575391368618835,0.015910135855181706
2024-01-31,0.01153906209171772,0.013417739978203688,0.011595484607002795,0.017840572344822527,0.01757306824919397,0.01886794028442092,0.012674859948762664,0.010158679441575577,0.011959461920231704,0.010697351192339118,0.0067270662914575025,0.008727877620328872,0.016749178353927727
2024-02-29,0.00983603277916488,0.011121611028338502,0.00986556207495587,0.016713642753608798,0.014430145449050708,0.017196171735169023,0.011200247849277882,0.007816024332920318,0.011173583248224277,0.008439361424892437,0.004149883636475009,0.00809995078689002,0.014681008897079734
2024-03-31,0.009595276996067702,0.008972549605500889,0.010064553114376908,0.017741472952204105,0.01372916612198192,0.01612255237115469,0.011735546532188591,0.009963016997602022,0.012221404229385778,0.011002322196946116,0.009159257365820222,0.010479237140483154,0.01395344989048009
2024-04-30,0.012625459723176106,0.01070755207730691,0.011544505770064247,0.016071159103274134,0.016841187979671397,0.01817700336250438,0.015568097332749931,0.011937850845598497,0.012919226239803093,0.011239117353622902,0.006606460757334336,0.010953894662607946,0.016759292711023336
2024-05-31,0.010347112216388475,0.012249579450726784,0.010136346757848733,0.013701505716622894,0.014966331155464682,0.016454141596152803,0.013062137774580774,0.008924853713769788,0.012183362181140661,0.00988585496944278,0.004106242386720399,0.010560062238883571,0.014826583906802032
2024-06-30,0.009188562065779952,0.009889633977811917,0.007928922824344714,0.01638285458082094,0.019521462913711294,0.01977136837325774,0.01370780850186276,0.008996042984291,0.012605417385730861,0.00995869466688032,0.007456495174454812,0.007721301847470388,0.018802207861136226
2024-07-31,0.00994219067086851,0.01070073900314536,0.00926857638265219,0.012254069230589328,0.016120891683942946,0.016906222995527253,0.012060011863661822,0.009254425386393882,0.012751290508890838,0.008950689814785013,0.004879100645266428,0.009908278443320474,0.014806147056943445
2024-08-31,0.012039143936690868,0.012279959544666017,0.01227102435580356,0.013405926102671915,0.016045848020081136,0.01678616330720801,0.014987067430938226,0.01351267341977217,0.014447618331597682,0.013387889177743507,0.012250632304961652,0.012690382762140623,0.01603948968347716
2024-09-30,0.009533224856355327,0.012373413374308938,0.01084888864257133,0.013224305536209485,0.013224013660999297,0.012993617448715319,0.01128766731213357,0.012332639739877279,0.011599332845211231,0.010469387366917176,0.01369078727529032,0.01085284770482976,0.0126347845859613
2024-10-31,0.005198546548955073,0.0030629833915796203,0.0035081312260725537,0.007603982155119118,0.010635084174966385,0.012315303409735094,0.009459263815912368,0.004502798634198721,0.007684423550551296,0.006204749296872463,0.0041536905672411644,0.0044428205359703776,0.011540644339964252
2024-11-30,0.013930152036998248,0.012298449047012836,0.013334187904702073,0.014477883463310753,0.01587823495486753,0.017683122834077587,0.01600615804105378,0.01273440516878086,0.014660475902204291,0.012956169080901851,0.006951313141557883,0.013096008076718594,0.01724983774807158
2024-12-31,0.013582546446320877,0.013693020852732702,0.011644281024732478,0.017526102727557932,0.021754844667852484,0.021689090193091294,0.014597976710929682,0.010889612789774579,0.015765393262022833,0.009391567090038161,0.004346060161028716,0.009179889030217152,0.02168182425833315
2025-01-31,0.01352794403301741,0.014875699981508249,0.013607926842503932,0.020970935035109252,0.02246709412001599,0.02305603320301321,0.01524497035006684,0.013732985145920862,0.015707500238997675,0.01146554123755096,0.0077405628923489025,0.011371974617419085,0.02126590075907695
2025-02-28,0.014995668807406734,0.012354668759509217,0.014475651634160425,0.02012102235294687,0.018558583448658062,0.019600399192527342,0.016062691274913554,0.01502346532865789,0.014780496929555461,0.013852768063664355,0.012853131753970237,0.01241341169957075,0.019292007766537937
2025-03-31,0.011253743108526911,0.00928942846405956,0.010379891970998567,0.008882714987401619,0.012184524893910937,0.013028877536564768,0.011104815603403673,0.012505119118528517,0.011081104004831576,0.010625934906846024,0.011067862391155326,0.010992550011963104,0.012436380567101
2025-04-30,0.008346369967504222,0.00748717575918101,0.008597435083459247,0.011809608714580151,0.010218450431685544,0.0121767456343793,0.009141990374203277,0.010090003303876568,0.009425542189570842,0.010085806712242051,0.010530496775277454,0.008899043315840753,0.01121351525160716
2025-05-31,0.008737253374040422,0.005867601612787768,0.006396467081777372,0.013549035294790079,0.013166769117925263,0.013991914400030895,0.010283822759748252,0.006931856431785045,0.011280212005724561,0.007416958669943527,0.003570583392497802,0.008049489357450217,0.013841275502854921
2025-06-30,0.011053485889888623,0.010524733323523317,0.008918872120977311,0.015215768954343638,0.016836956818017588,0.0173662042302833,0.011808268722886548,0.008822057809307908,0.013054133586727941,0.00815427448216215,0.0036262922507107756,0.010355416386065339,0.01679296932919435
2025-07-31,0.011098213758073473,0.01397853015629181,0.012166062683889051,0.015478113525507693,0.0188567788423281,0.017582426313865498,0.011259435626832176,0.012279590439038006,0.014486051247127655,0.006355811715478805,0.004133885487120001,0.01083110147398636,0.018655318766849074
2025-08-31,0.011976817987764534,0.014614841568447463,0.011034958048889267,0.015372772638304095,0.01702630209696494,0.016929473253008722,0.012285261236242564,0.010461547068258324,0.014729238130034416,0.008839289497783325,0.007320566497462675,0.011912444054800474,0.017443118079411048
2025-09-30,0.014812391492325175,0.01576082296329916,0.014669617434669933,0.020336962903905628,0.02121755368030237,0.021140113047247017,0.016881648234245535,0.01322793548513121,0.01739358093398938,0.010849502525931061,0.010493734139592682,0.013906467228695452,0.020609340850906502
