,DAX,EUMV,EWD,EWG,EWI,EWL,EWN,EWP,EWQ,EWU,EZU,FEZ,IEUS,VGK
2008-10-31,,,,,,,,,,,,,,
2008-11-30,,,,,,,,,,,,,,
2008-12-31,,,,,,,,,,,,,,
2009-01-31,,,,,,,,,,,,,,
2009-02-28,,,,,,,,,,,,,,
2009-03-31,,,,,,,,,,,,,,
2009-04-30,,,,,,,,,,,,,,
2009-05-31,,,,,,,,,,,,,,
2009-06-30,,,,,,,,,,,,,,
2009-07-31,,,,,,,,,,,,,,
2009-08-31,,,,,,,,,,,,,,
2009-09-30,,,,,,,,,,,,,,
2009-10-31,2.6592901085331787e-11,2.6592901085331787e-11,0.19999999997730525,0.1999999994336243,9.22834058846191e-11,3.43036628607989e-10,0.19999999961265083,0.19999999993633105,2.9849633841437137e-10,2.1727539896038266e-10,7.537312303891484e-10,0.1999999985010399,2.6592901085331205e-11,7.544468889550406e-10
2009-11-30,5.629592791057718e-13,5.629592791057718e-13,0.19999999995529857,0.19999999996532386,1.639971970182483e-11,1.1634106842463207e-11,0.19999999998462187,0.19999999998066756,3.5155302736309084e-11,1.0068252777885144e-11,1.2920517250952218e-10,0.19999999988918282,5.629592791056129e-13,2.075362473612479e-11
2009-12-31,2.375530374024788e-12,2.375530374024788e-12,7.944380213488737e-11,0.19999999998549609,1.40420057184481e-11,1.1697682709984536e-11,0.19999999996587917,0.19999999998879625,0.19999999992444928,1.1432501878596876e-11,3.59039789903982e-11,0.19999999995339035,2.3755303740247067e-12,2.2342244357814507e-11
2010-01-31,4.827953675633087e-11,4.827953675633087e-11,0.19999999996381404,0.19999999987763661,4.527293472686213e-11,0.19999999973564106,0.1999999986608177,2.769111990602434e-10,9.854477038434275e-10,1.0083018882416562e-10,2.7732990178526776e-10,0.1999999995475335,4.827953675633034e-11,3.8392646815466746e-10
2010-02-28,2.2092957561102918e-12,2.2092957561102918e-12,0.19999999999878756,0.1999999999800403,5.966259054275457e-12,0.19999999997794835,1.0166343631850568e-10,7.137070843632053e-12,0.19999999983514102,1.561345585334822e-11,1.9000233737798727e-11,4.710960704418913e-10,2.2092957561101916e-12,0.19999999958097817
2010-03-31,7.624986158066736e-13,7.624986158066736e-13,0.1999999999966224,0.1999999999943287,1.1836394436528062e-11,2.551654481437997e-11,0.19999999999600762,4.237075870414041e-12,0.19999999994729747,7.736547937134343e-12,0.1999999981970538,1.7008468357063995e-09,7.624986158066905e-13,1.1622905855645397e-10
2010-04-30,5.844332342994255e-12,5.844332342994255e-12,0.19999999999350904,0.19999999998217816,1.2204074407770084e-11,1.0733834921317956e-10,0.19999999997317763,2.3277292385739387e-11,2.8068496320767776e-11,0.1999999999768869,8.485595679116383e-11,4.003395114877953e-11,5.844332342994004e-12,0.19999999976093685
2010-05-31,5.3623285308723955e-11,5.3623285308723955e-11,0.19999999998509127,0.19999999998491583,2.6555075640006898e-11,0.19999999966138204,2.9947424188608374e-10,3.600888828206275e-11,8.747933243776284e-11,2.2745668023400514e-10,1.4711326919720396e-10,0.19999999959252554,5.362328530872501e-11,0.19999999979112784
2010-06-30,0.1333333330472626,0.1333333330472626,0.1999999999957341,0.19999999996192405,2.0686655996165113e-11,0.19999999997957865,1.3666090041098952e-10,5.6433230958980537e-11,5.756814130794008e-11,5.6560152654404775e-11,6.284353214935887e-11,7.109756548226124e-11,0.1333333330471718,4.592159994253086e-10
2010-07-31,3.888720613695814e-11,3.888720613695814e-11,0.1999999999787414,0.1999999996037822,3.203567206934478e-11,0.1999999999818119,3.4675058474779153e-10,0.19999999997130444,3.104239309929142e-11,2.378547314975146e-11,2.8938559724921344e-11,0.19999999987276304,3.8887206136955496e-11,1.2382654738539798e-11
2010-08-31,0.13333333331469552,0.13333333331469552,0.19999999999441123,1.0990463552700331e-11,8.054961789756981e-12,0.19999999999632678,2.1235874351465254e-11,0.19999999994341952,1.1875482188658804e-11,1.6391767340459805e-11,1.53247937422047e-11,1.0115759280396289e-11,0.13333333331465433,2.780796896902073e-11
2010-09-30,7.175850478864014e-12,7.175850478864014e-12,0.19999999999331,0.19999999987061542,4.313912886645231e-11,0.19999999997421133,0.19999999995804849,6.108353484969937e-11,2.1602854303437392e-08,4.656674251864246e-11,2.2953998559119059e-10,2.3592852926814056e-09,7.175850478864332e-12,0.19999997583981827
2010-10-31,7.732089634875837e-11,7.732089634875837e-11,0.19999999893781922,0.19999999987369022,2.068155317871344e-10,0.19999999985704836,7.379170797619549e-10,0.19999999967714704,2.0912211084042288e-08,5.526599600302127e-09,4.772595928846034e-10,3.065891808534271e-08,7.732089634875542e-11,0.19999994290261155
2010-11-30,1.0321826062077984e-11,1.0321826062077984e-11,0.1999999999963406,0.19999999998998771,6.22506878917676e-12,0.19999999997224033,1.4016626091287767e-10,1.2245535665690136e-11,3.7649302828811016e-11,0.19999999991644887,3.174207729539774e-11,2.239310728726471e-11,1.0321826062077782e-11,0.19999999984359557
2010-12-31,3.379860050992234e-13,3.379860050992234e-13,0.19999999999984872,0.19999999999871704,1.6786061201677361e-12,0.1999999999962991,0.19999999999660373,1.8871020677981947e-12,7.557293011254762e-12,2.8732053945120018e-12,1.6104909608703842e-10,0.1999999997940991,3.379860050992108e-13,3.837310025415365e-11
2011-01-31,1.7745223795118923e-11,1.7745223795118923e-11,0.19999999998744453,0.19999999990194575,3.1841790291099574e-10,2.805154242114842e-10,1.8295559979461806e-09,0.19999999977444813,0.19999999746390829,1.525011037626013e-10,3.23447006017365e-10,0.19999999961128895,1.774522379511759e-11,3.0329112390156406e-10
2011-02-28,0.19999999995480067,0.19999999995480067,1.1320989759294772e-11,1.9472194377123963e-11,1.3996761147097337e-11,0.19999999997071535,3.597678283563926e-11,1.0620963267775917e-11,4.063641072955812e-11,0.19999999995245257,2.62791451339042e-11,1.1565998513353239e-11,0.19999999995480067,4.2560992429636606e-11
2011-03-31,0.19999999999718315,0.19999999999718315,2.8582189884945326e-12,0.19999999997533965,1.4484846507418649e-12,0.1999999999989985,4.383617144734277e-12,3.0166564550794816e-12,4.717670682609522e-12,7.240938047367227e-12,2.949757668896755e-12,3.2755735274661158e-12,0.19999999999718315,4.221478965023337e-12
2011-04-30,0.19999999995606582,0.19999999995606582,2.352141321644627e-10,8.948277475403007e-11,2.910880699049108e-11,0.199999999928272,8.676034224017693e-11,4.602755474354464e-11,5.041075923639528e-11,0.19999999947846592,4.345108137050468e-11,3.6847511897251947e-11,0.19999999995606582,1.077615864355076e-10
2011-05-31,0.06666666696614698,0.06666666696614698,0.19999999997569706,1.5184883519784484e-11,8.189121072403626e-12,0.19999999990577436,0.1999999998839598,2.3259022507278983e-11,2.5106844615798276e-11,0.1999999992110618,1.652999411957005e-11,1.0472484276325212e-11,0.0666666669661425,2.632816171565373e-11
2011-06-30,0.19999999999810608,0.19999999999810608,1.5272568503739413e-12,1.0274343261878227e-11,4.085806039839721e-13,0.19999999999118137,0.19999999999634535,4.34609836836782e-13,8.427539957709335e-13,1.983642087838676e-12,7.306849018299174e-13,6.218502901063146e-13,0.19999999999810608,1.3315242949011553e-12
2011-07-31,0.19999999999658596,0.19999999999658596,0.19999999999633736,4.908886023175515e-12,1.8231758612977244e-12,0.19999999996473075,1.3332490801628262e-11,3.108235284332903e-12,4.028238967902084e-12,1.0703594901233903e-11,3.0524401356509068e-12,2.854799658762952e-12,0.19999999999658596,5.3621310654456775e-12
2011-08-31,1.63203585031363e-12,1.63203585031363e-12,0.19999999999813337,0.19999999998433415,3.974258480529445e-12,9.631568095010277e-12,0.1999999999861803,0.19999999998902526,1.073657073376125e-11,7.234956321583253e-12,5.7157215308583955e-12,0.1999999999873585,1.632035850313584e-12,1.277936414691109e-11
2011-09-30,4.6123410721319725e-12,4.6123410721319725e-12,0.1999999999937335,0.19999999986753483,1.3367786549150447e-11,9.085806910707892e-12,0.19999999998372506,0.19999999999073179,1.2101626219458022e-11,1.3016234771464324e-11,1.5258140833547066e-10,0.19999999992875114,4.612341072132137e-12,2.1533758257027383e-11
2011-10-31,3.1616879332873506e-13,3.1616879332873506e-13,0.19999999999901294,0.1999999999961826,3.475877067279605e-12,1.542594459409683e-12,0.1999999999958611,0.19999999999650117,2.7393588669675955e-12,3.789691968636636e-12,3.0479999722405856e-12,0.19999999999107376,3.1616879332874683e-13,5.8242403418205e-12
2011-11-30,0.19999999993789666,0.19999999993789666,3.3864787017084804e-10,5.482470061443152e-10,4.237953855230006e-11,0.1999999990519726,9.835458478647323e-11,0.19999999767304827,6.568641973491703e-11,1.922517439772132e-09,9.036718999905234e-11,1.3147032247929076e-10,0.19999999993789666,2.2361879451081984e-10
2011-12-31,0.19999999998458093,0.19999999998458093,3.679538422921278e-09,2.6789720170707168e-11,8.538191567951936e-12,0.19999999995255013,2.961154513088079e-11,0.19999999627351642,1.0848468926037587e-11,0.1999999999611381,1.5540872798756375e-11,2.248160293297494e-11,3.283868588638214e-12,4.7000809952975094e-11
2012-01-31,3.8440065555093265e-12,3.8440065555093265e-12,0.19999999998614335,0.1999999999786221,1.8564305437778766e-11,1.1867329933931251e-11,0.1999999998750967,2.9041377883848127e-11,1.5051919238553036e-11,0.19999999796670143,8.95045300841177e-11,1.925860790392443e-09,0.1999999999896898,1.0616809621098113e-10
2012-02-29,8.434119522315334e-11,8.434119522315334e-11,0.1999999999733671,0.1999999999351045,1.2283457673725625e-11,4.754855072345923e-11,0.19999999976446856,7.051074282734673e-11,2.2731887554326194e-11,0.19999999998301374,4.153400208096773e-11,3.3560633125921875e-11,2.7288535563454734e-12,0.19999999994446555
2012-03-31,0.19999999999893023,0.19999999999893023,1.5258936655667253e-11,0.199999999987584,6.711692725088528e-13,0.19999999979052555,9.796970703315592e-12,6.701506025231481e-13,1.3827418509791275e-12,0.19999999999725726,2.074888680374161e-12,1.4755894570615717e-12,4.1323237347374287e-13,1.950289529038533e-10
2012-04-30,3.518053773351038e-11,3.518053773351038e-11,0.19999999970984292,0.19999999993801995,6.827941886034829e-11,9.94798034551347e-11,1.8587722256451114e-10,6.372178488402297e-11,1.4542796865927887e-10,0.19999999966731635,1.8457910709878023e-10,1.651580105934458e-10,0.19999999996257362,0.19999999973936286
2012-05-31,0.1999999999817673,0.1999999999817673,0.19999999999594936,0.1999999999925021,2.1452165531386234e-12,8.465516231715645e-12,7.71651502820122e-12,1.5243109503111404e-12,3.6093537746502104e-12,0.1999999999853073,4.7835394005457975e-12,5.152337589559346e-12,4.704084069376237e-12,2.460592421575637e-11
2012-06-30,3.036015274117256e-11,3.036015274117256e-11,0.1999999999640236,0.19999999986719347,2.5463689903459446e-10,1.0432154629802076e-10,0.19999999944114152,9.211172241585773e-11,2.2292628487787365e-10,0.19999998920463757,1.1702568440342886e-10,9.337072409607581e-09,0.19999999993947537,1.3947137848284157e-09
2012-07-31,3.045611316423606e-11,3.045611316423606e-11,0.20000000000101142,0.19999999996872608,1.3032976545444844e-11,7.44206671601087e-11,0.19999999997104978,1.2152595208485279e-11,5.28707763302251e-11,0.1999999999416169,5.865487373697361e-11,4.039496841068457e-11,7.465897043830473e-11,0.1999999997304978
2012-08-31,3.526951335260893e-11,3.526951335260893e-11,0.19999999994343268,0.19999999997980591,7.278653754882656e-11,0.19999999993185288,5.2280894492560546e-11,6.198750050882277e-11,7.88432602988327e-11,5.1160570506896345e-08,6.632230284809994e-10,0.19999994887182887,3.052921579463677e-11,0.19999999908231958
2012-09-30,3.644986617075368e-11,3.644986617075368e-11,0.19999999996319562,0.19999999987686295,3.459977309273492e-11,0.19999999989976766,0.1999999998638195,5.035852568610225e-11,7.40685029974052e-11,0.19999999836804566,1.2198030812176613e-10,6.509834123930836e-11,2.942361492847249e-11,1.5798796436184586e-09
2012-10-31,0.1999999999889599,0.1999999999889599,8.119899946226369e-12,0.19999999992161754,2.3606964452193474e-12,0.19999999998583884,0.19999999993692638,4.565187191680517e-12,3.240098409103451e-12,1.4280262297955727e-10,4.6795672972031594e-12,3.913466329503746e-12,2.29081413401368e-12,5.725189396009714e-12
2012-11-30,0.1999999998802322,0.1999999998802322,4.974803886188066e-11,0.19999999987428593,1.3624468234375316e-11,0.1999999999759451,0.19999999996421355,2.1149563215636795e-11,5.910104156033576e-11,9.355281390690263e-11,5.591785761512658e-11,3.7736813457670224e-11,1.2904546580566422e-11,8.135582552426214e-11
2012-12-31,0.1999999999886242,0.1999999999886242,6.868517218085694e-12,0.1999999999916873,3.12142297545265e-12,0.19999999999283563,1.726710351898511e-11,8.933812126099946e-12,8.534309586134181e-12,0.19999999994416112,1.1625791343918654e-11,8.774045785473684e-12,9.319261616617774e-12,1.9623405114479483e-11
2013-01-31,1.7507232266232986e-11,1.7507232266232986e-11,0.19999999986179154,0.1999999999451681,7.499897478560131e-11,1.21225521701343e-10,0.19999999989291695,0.19999999986664102,2.8624505002854077e-10,2.2525823693514022e-10,0.19999999926557924,1.538012267796794e-10,8.709926161378923e-11,1.8426047597824038e-10
2013-02-28,9.782575751157319e-12,9.782575751157319e-12,0.19999999998553053,0.19999999999080295,1.7320862213219424e-11,5.6704687966597465e-11,6.957251474445305e-11,1.3380844274348935e-11,0.1999999999238415,5.5461464838725605e-11,5.680925308393922e-11,0.19999999716135933,0.19999999997232543,2.677325516940525e-09
2013-03-31,5.967743733965973e-12,5.967743733965973e-12,0.1999999999990118,0.19999999998970222,8.77001499988594e-12,2.5875582132128165e-11,2.3673279003583854e-11,6.600430327028465e-12,0.19999999995669882,1.6504404021047136e-11,1.9738911585366955e-11,0.1999999972335769,0.19999999999434281,2.7135694877529082e-09
2013-04-30,1.4152593716766853e-11,1.4152593716766853e-11,0.19999999998838294,0.1999999999978043,2.212294150204824e-11,2.0864726485886517e-10,6.85959599675299e-11,1.723602523223889e-11,0.19999999992072418,1.137303684196538e-10,9.043694950268916e-11,0.19999999882014718,0.19999999999779383,7.26072867291002e-10
2013-05-31,7.5702138799174e-12,7.5702138799174e-12,2.4065240173357055e-11,0.1999999999866009,2.1399173901175672e-11,1.921372222753729e-09,2.7428082589206224e-09,1.0621111423384186e-11,2.991307681046022e-09,0.1999999956448482,0.19999999683603464,0.19999999993740017,3.721559063122213e-12,0.19999999986468014
2013-06-30,0.19999999998709023,0.19999999998709023,1.969982699702631e-11,4.0628556923569835e-12,3.395251690508959e-12,0.19999999998713214,8.775700219359807e-11,4.35943900505644e-12,1.4069927023114531e-11,0.19999999993589457,7.971694523723303e-12,8.666458509215514e-12,0.19999999993087442,2.1935823033231364e-11
2013-07-31,0.19999999999200915,0.19999999999200915,0.19999999999397833,0.1999999999988409,1.9217247303514188e-13,0.19999999999864482,2.9499389778923918e-12,1.1736293122549868e-12,1.753965938065588e-12,1.3516276119755691e-11,3.9199427466864623e-13,2.4501705559467914e-12,1.0376602188737735e-12,1.052002229790409e-12
2013-08-31,0.19999999979419295,0.19999999979419295,0.19999999990680298,7.701020189019008e-12,9.777284135701957e-12,0.19999999996430382,3.920496068708156e-11,0.19999999990156306,3.127641384667246e-11,4.724284473890791e-10,1.3163072484797307e-11,1.01226828356685e-11,2.9810107629067905e-11,2.5460280907234938e-11
2013-09-30,7.863943738557668e-12,7.863943738557668e-12,1.98863241584764e-11,0.1999999999824713,1.1010642078492865e-11,0.19999999997144063,0.19999999963105292,1.668479520217906e-11,3.7680475436619075e-11,0.19999999986873812,2.7755632132625504e-10,2.4122553478248553e-10,1.4409759211596484e-11,0.1999999999121154
2013-10-31,1.3282598501307885e-11,1.3282598501307885e-11,3.3994281531672684e-11,0.19999999997020063,7.193308819207197e-11,0.19999999992416062,0.1999999989178396,5.389562726577039e-11,2.718353086841652e-10,9.04008296015528e-12,1.075981833544026e-09,0.1999999997163034,9.866357762128343e-12,0.19999999991838394
2013-11-30,4.235756275780962e-12,4.235756275780962e-12,8.087156785132672e-12,0.1999999999896334,1.1213490722990189e-11,0.19999999994463824,0.19999999824055525,1.0862309254787428e-11,6.981207542001966e-11,1.0547048361392823e-09,7.366793792569916e-10,0.1999999999524584,3.330819853344e-12,0.1999999999695531
2013-12-31,3.3749960232836497e-12,3.3749960232836497e-12,1.4680494495312544e-11,0.19999999998952253,1.1678969389075306e-11,0.19999999995328113,0.19999999784477204,1.3230703281800718e-11,4.929659770113392e-11,1.8256590411980451e-09,3.682353433799172e-10,0.19999999995625775,1.2088883925040199e-11,0.19999999995454656
2014-01-31,2.0681277514108275e-12,2.0681277514108275e-12,4.3946198533357325e-11,0.1999999999960908,5.386111904442422e-12,0.1999999999812146,0.1999999866182349,5.3743863827016214e-12,7.987044074557496e-12,4.7155491307668375e-08,2.38491747363423e-10,0.19999996594058944,4.2638212542348086e-11,0.19999999996041923
2014-02-28,1.245910722650168e-11,1.245910722650168e-11,0.19999999987467684,0.19999999996245654,3.593902079860133e-11,0.1999999991869957,1.662014885750755e-10,3.247151967567703e-11,7.81669816184637e-11,4.700497152789065e-10,2.048624648691909e-10,0.19999993834579427,0.1999999999798497,6.163761760972217e-08
2014-03-31,7.003535418339025e-12,7.003535418339025e-12,1.3751389748197908e-11,0.19999999998639656,3.387456212676339e-11,0.19999999993827236,9.2775852578973e-10,2.0747902031572075e-11,7.144995281047952e-11,2.5669998615063815e-10,0.19999999924992207,0.1999999996346631,2.037276888404153e-11,0.19999999983208375
2014-04-30,0.0999999999855192,0.0999999999855192,0.1999999999872618,1.3019865468698256e-12,0.1999999999891424,0.19999999999614282,1.1525751543852182e-11,0.19999999999120432,1.1806483598618576e-11,1.1805319627975964e-11,8.246227569519274e-12,2.5545876889032443e-12,3.266017218429887e-12,1.4703898020285635e-11
2014-05-31,5.639324709296831e-12,5.639324709296831e-12,1.1388677371021914e-11,0.19999999997607695,2.390625255379673e-11,0.199999999952217,1.479691503477104e-10,2.3551081478493436e-11,1.0712679029876632e-10,1.0671492695457087e-09,0.19999999894295384,0.19999999985781397,5.710469344951901e-12,0.1999999998728579
2014-06-30,7.578212318648902e-12,7.578212318648902e-12,8.587442417309082e-12,0.1999999999843901,4.140357098608809e-11,0.19999999993610312,5.34334519311678e-11,4.5192892098076224e-11,1.227373714509801e-10,7.565963211092496e-12,0.19999999995960566,0.19999999991318326,2.779666233548216e-12,0.19999999990986103
2014-07-31,1.706698012586452e-12,1.706698012586452e-12,0.19999999999262816,0.19999999999548773,5.350415316621731e-12,0.19999999998828957,1.3487640253467207e-11,6.165032869731985e-12,7.459472456451059e-12,0.19999999991048298,4.111041761018198e-11,4.051376374813198e-11,9.711744604122025e-13,0.19999999999464013
2014-08-31,1.856346185531091e-12,1.856346185531091e-12,0.1999999999908425,0.1999999999946296,3.552784856305195e-12,0.19999999999462123,5.494958898393605e-12,3.7662746789898145e-12,4.305478464776987e-12,0.19999999999029794,5.618656875167391e-12,5.623575450867962e-12,2.014976096936065e-12,0.19999999999551935
2014-09-30,1.5223043322742406e-11,1.5223043322742406e-11,1.631377272883999e-11,0.1999999999696412,5.0885304927432584e-11,0.19999999994644027,0.199999994225461,5.3199925183218434e-11,5.340556858679228e-11,6.170828399241374e-12,3.5308108017203136e-08,0.19999997043318116,5.3733390551240705e-12,0.19999999990137343
2014-10-31,3.196755789243954e-11,3.196755789243954e-11,4.7825904931233186e-11,0.1999999999431304,9.654149591664105e-11,0.19999999990653253,0.19999999933999735,1.268821641691515e-10,1.3138505586802658e-10,1.749354133936095e-11,5.651784597996531e-08,0.19999994397814527,4.9148850549964115e-12,0.19999999982537034
2014-11-30,4.5384051386910054e-12,4.5384051386910054e-12,0.19999999998791412,0.1999999999992758,3.4821139776501134e-13,0.19999999999909077,2.445026041387661e-12,4.4307896870412826e-13,1.5454647168696735e-12,1.3110763180902178e-12,0.1999999999984683,8.344685351351148e-13,3.753439023792739e-13,0.1999999999988716
2014-12-31,4.43636269372454e-11,4.43636269372454e-11,7.958379605232298e-11,0.1999999999814939,4.750263278127144e-12,7.518087407023565e-11,7.999422120633991e-11,4.247147814589801e-12,0.19999999981881567,0.19999999989008732,0.19999999997704304,1.276892136072096e-11,1.4843761621755306e-11,0.19999999997246382
2015-01-31,1.917806684485389e-12,1.917806684485389e-12,2.709452774093593e-12,0.1999999999965697,5.051161588032759e-12,0.19999999999019383,0.19999999967395518,1.9589838018623728e-13,5.431609658986912e-12,0.19999999989877484,3.6579964097788436e-10,8.404763570202657e-11,2.2785138486208007e-12,0.19999999997115694
2015-02-28,1.0949224010268201e-11,1.0949224010268201e-11,0.19999999988141232,0.19999999997760076,3.090125211775612e-11,0.19999999990783662,0.19999995858625444,2.787658869800471e-11,3.1030553162001324e-11,1.0445735252232765e-10,7.93038035602854e-11,6.818140872766576e-10,0.19999999997186085,4.069775310444757e-08
2015-03-31,2.9991058064047938e-12,2.9991058064047938e-12,6.671215918612113e-12,0.19999999999537896,1.1903196052829509e-11,0.19999999998894896,0.19999999993504483,1.0093727686387564e-11,1.0220936545450053e-11,4.4838226567195814e-11,1.2059903991868064e-10,0.1999999999645739,6.2587963043677045e-12,0.1999999998994699
2015-04-30,1.2251388836267225e-12,1.2251388836267225e-12,2.387285284504357e-12,0.1999999999956626,4.375288111410132e-12,0.19999999999163692,0.19999999966486973,3.847015253770155e-12,4.46468222380602e-12,1.8263213656925292e-12,9.519702202442875e-12,0.19999997148954238,0.19999999999356738,2.883585036548353e-08
2015-05-31,3.8575725358628476e-11,3.8575725358628476e-11,0.19999999996196713,0.1999999996681234,1.222819871389955e-10,0.1999999990248836,6.570180168060267e-10,9.07593104432246e-11,1.0766174136512547e-10,2.423100844091697e-10,1.8137674886280168e-10,0.1999999996909698,0.19999999980414584,3.713509175824604e-10
2015-06-30,2.5227880967777933e-11,2.5227880967777933e-11,9.697454201479423e-11,0.19999999991050224,8.344226210344307e-11,0.19999999985047703,0.19999999960394624,6.07013929135575e-11,6.82650113429583e-11,6.579577494907217e-10,2.0772601293875424e-10,0.19999986265830821,0.19999999993295545,1.368182879849935e-07
2015-07-31,7.353174563963758e-12,7.353174563963758e-12,1.6058714828810696e-11,0.19999999997428308,2.8028257121576603e-11,0.19999999996514228,0.19999999992263967,1.648937239133304e-11,2.2196253210227287e-11,8.685207688524166e-11,6.563919000607289e-11,0.19999986143270468,0.19999999998477339,1.3847048674718805e-07
2015-08-31,2.669505867998147e-12,2.669505867998147e-12,4.753527175390927e-12,0.1999999999935771,1.8106415660227826e-11,0.19999999999164347,0.19999999997552878,7.25869069499565e-12,9.433848359799417e-12,2.809341044000892e-11,2.6216716189282543e-11,2.20871458111287e-10,0.19999999999564871,0.19999999972352875
2015-09-30,0.19999999986680642,0.19999999986680642,0.19999999993191137,8.819242400034855e-12,9.634664178520398e-12,0.19999999987435335,1.715292958572946e-10,1.379941080223489e-11,4.341682535343971e-11,1.2662100340170614e-10,1.6875773099939283e-11,2.1940307363930034e-11,0.1999999999872602,6.022580797973508e-11
2015-10-31,4.135244072379557e-11,4.135244072379557e-11,6.4425350794777e-11,0.1999999997830518,1.0278175434199168e-10,0.19999999985685016,0.19999999972603286,5.193164535395914e-11,1.0194618074316152e-10,3.021180964289547e-10,1.1679109303397732e-10,9.708569471945733e-11,0.19999999992168938,0.19999999979259098
2015-11-30,3.1537876872034317e-11,3.1537876872034317e-11,0.19999999984844055,6.069764316774136e-12,0.19999999995822307,7.528284231675763e-11,0.19999999998831047,5.819301604622084e-12,1.2335972449962552e-11,1.1959479618039929e-11,4.6383689220137256e-11,4.12253600850831e-12,0.19999999999204088,0.19999999998793555
2015-12-31,0.19999999983832611,0.19999999983832611,0.19999999995336407,5.438881563073778e-11,1.0056373983254122e-11,0.1999999997363532,1.0616831595033727e-10,5.71881187434568e-11,5.4876808145631895e-11,1.295361331217712e-10,8.687727153184397e-11,4.1688283244708276e-11,0.1999999999739115,1.1893889327033015e-10
2016-01-31,1.4644791278321762e-11,1.4644791278321762e-11,1.581363738322758e-11,1.696475784213889e-11,6.123645409973792e-11,1.2508672251964875e-11,0.19999999998139642,2.6657649384024175e-12,0.19999999992320663,4.717007741225466e-12,0.1999999999791848,6.38091011953781e-12,0.1999999999932154,0.19999999997342002
2016-02-29,2.8850600175180905e-11,2.8850600175180905e-11,0.1999999869732281,0.19999999965488524,4.5173034349954337e-11,1.5733485473935615e-08,0.1999999999013198,2.7593557288003704e-11,2.2229025065276376e-10,1.4327943077244379e-10,1.048623576310314e-10,1.2872246885325112e-10,0.1999999999263782,0.1999999970810808
2016-03-31,5.470629107370995e-11,5.470629107370995e-11,4.4249731517250583e-10,0.19999999987344444,9.216243839034391e-11,0.19999999992257775,0.19999999987346911,6.30979493627727e-11,1.5483917736067659e-10,1.811379747038929e-10,1.2499342782877895e-10,1.9623926966217206e-10,0.19999999990516004,0.19999999906096844
2016-04-30,3.017394477965023e-11,3.017394477965023e-11,1.2062916523363463e-10,0.19999999988335318,3.910487046758902e-11,0.1999999998738499,0.19999999994800205,3.4340720384571644e-11,7.093439659585078e-11,1.8894172685831918e-10,4.71228280863367e-11,3.6948286949724357e-10,0.19999999989856468,0.1999999994653257
2016-05-31,1.5152107875856368e-11,1.5152107875856368e-11,1.7156544401460776e-11,0.1999999999450413,1.7852864005985492e-11,0.19999999993992434,0.19999999996625326,1.663369110874071e-11,3.529935544902768e-11,7.528404094595178e-11,1.910964999692899e-11,1.378423373919612e-10,0.19999999996516915,0.19999999983412947
2016-06-30,0.19999999992208445,0.19999999992208445,0.19999999996884252,1.8134576143713353e-11,6.841980423811339e-12,0.19999999995732645,4.3487357329801876e-11,1.667224106469836e-11,2.0289341312200513e-11,4.7032855500542884e-11,2.965119033596375e-11,1.1192785687816372e-11,0.19999999999182763,4.45323094094647e-11
2016-07-31,1.1119837543169249e-11,1.1119837543169249e-11,0.19999999997609536,2.1685310965392137e-12,1.1479346459892187e-12,2.5833961583117423e-11,0.19999999999149654,0.19999999998430118,2.9127507259267744e-12,5.087151919739803e-12,0.19999999998407839,4.312426555947951e-12,0.19999999999712695,3.1991357160711822e-12
2016-08-31,0.1999999999427207,0.1999999999427207,0.1999999999859707,1.7986902506383772e-11,8.69342242800495e-12,0.1999999999112013,3.116140492022391e-11,1.793182151435732e-11,1.8739173798493817e-11,4.2521265909349826e-11,4.818116513426777e-11,1.3460908085946829e-11,0.19999999999217366,2.6536915467507883e-11
2016-09-30,1.385231180756869e-10,1.385231180756869e-10,1.9071292565999085e-10,0.1999999994584965,1.4335793458613195e-10,0.19999999960907974,0.19999999967907786,1.3690765007480582e-10,3.122665890648377e-10,2.377704297658752e-10,2.6673879718965457e-10,2.9017937996884166e-10,0.19999999975497013,0.19999999964339582
2016-10-31,1.0228907238549816e-10,1.0228907238549816e-10,1.1911443004205366e-10,0.19999999979889946,1.2966082995730403e-10,0.19999999978770833,8.262499985831504e-11,1.2295317262214102e-10,0.19999999285540362,7.1302067607517256e-09,1.934210882748208e-10,7.357255033985045e-11,0.1999999998281659,0.1999999996736905
2016-11-30,2.9369225738262163e-11,2.9369225738262163e-11,3.940671030564651e-11,0.19999999990893305,4.1668088836593836e-11,0.19999999991202932,0.19999999980450323,3.1864954213654365e-11,2.540293855477916e-10,7.003945076997532e-10,1.057163457727092e-10,1.0952673722852747e-10,0.19999999994619286,0.19999999908699648
2016-12-31,2.4573030193846012e-11,2.4573030193846012e-11,1.0693940829109184e-09,0.19999999986106012,2.6030848922583293e-11,0.19999999990509734,0.19999999993977435,2.3789319881269197e-11,2.1660095324348313e-10,1.4971150260516985e-10,4.68067372008507e-11,1.3773912699354605e-10,0.19999999982653294,0.1999999987483166
2017-01-31,1.2104555871647672e-11,1.2104555871647672e-11,4.25052761144392e-11,0.19999999991675818,2.1113677996064125e-11,0.19999999990643463,0.19999999989587935,1.671055048594414e-11,0.19999999999186863,3.6856401116023015e-11,3.206430264847878e-11,3.629288005312483e-11,0.1999999999661039,1.1320300669747536e-10
2017-02-28,6.487375197937628e-12,6.487375197937628e-12,1.3501056467399152e-11,0.19999999996056436,1.0262425307175724e-11,0.19999999996238743,2.927000829159124e-11,7.819045877646619e-12,0.19999999999527454,1.282911776590561e-11,1.1326154992518505e-11,0.19999999999482496,0.1999999999738031,1.5162962344839648e-11
2017-03-31,1.44313698910015e-11,1.44313698910015e-11,0.1999999999675876,0.19999999998889936,2.264994694544734e-11,5.931269102929626e-11,1.0046565321676651e-10,4.874519091018815e-11,0.19999999995239268,2.639984849614462e-11,1.7212499950858824e-10,0.1999999999103863,1.0037654782029875e-10,0.19999999962179643
2017-04-30,1.2111272047973285e-11,1.2111272047973285e-11,0.19999999999565432,0.19999999998752196,1.687489686295603e-11,2.1653745877907445e-11,7.225529426774866e-11,2.3247338517036475e-11,0.19999999994854967,1.815828702970334e-11,4.8875635880354403e-11,0.19999999992537476,3.853419476246906e-11,0.19999999987907735
2017-05-31,1.4880244167323024e-12,1.4880244167323024e-12,0.19999999999891063,4.780747063018726e-12,2.1404658555576118e-12,1.6714179876287045e-12,2.1440827346645964e-12,2.0224219931683308e-12,0.19999999999472873,2.2501106025084732e-12,0.19999999996648354,0.199999999991141,3.9434160670662496e-11,0.19999999999131657
2017-06-30,2.7806226811272218e-11,2.7806226811272218e-11,0.1999999999833305,0.19999999996096332,5.141278814303254e-11,8.764725374634705e-11,5.5697419598233054e-11,8.940019543139719e-11,0.19999999991019682,5.417412413996348e-11,2.5113686402453896e-10,0.1999999997357633,8.46323232233183e-11,0.19999999968003265
2017-07-31,3.1855338480294307e-12,3.1855338480294307e-12,1.4999894093697044e-10,0.19999999967827767,1.1643518053480692e-11,2.6372968779711194e-10,0.19999999982071903,7.151319717894474e-12,0.1999999999955898,1.042106658389325e-11,1.3840129920455049e-11,0.19999999999252094,0.1999999999920037,5.773313912138408e-11
2017-08-31,2.193097075622523e-11,2.193097075622523e-11,0.19999999984695113,1.5582201937071642e-10,5.995650867210062e-11,1.3078797162823628e-10,0.1999999985544045,4.011158770979759e-11,0.1999999999374137,5.2033252027425784e-11,0.19999998495795132,0.19999999982477656,1.6317037183953015e-08,7.889227074737298e-11
2017-09-30,5.41687213009917e-11,5.41687213009917e-11,1.1538696093438139e-10,0.19999999936190824,3.1544043989443867e-10,0.1999999993147233,0.19999999969451315,1.0875646937886202e-10,1.5979784408433704e-08,1.9311741280838552e-10,4.985096524795813e-10,0.19999998264004612,0.19999999984367822,1.8257980683220361e-09
2017-10-31,0.19999999981197933,0.19999999981197933,0.19999999996788204,4.436465333056452e-11,1.458193211341919e-11,0.1999999999190927,1.0776864671816797e-10,3.474336746252704e-11,5.729850702831858e-11,1.0190517946759614e-10,6.285442322034447e-11,2.5850090015151115e-11,0.19999999998532497,5.437505438586956e-11
2017-11-30,0.19999999998881351,0.19999999998881351,0.19999999999540363,1.2407445449229369e-12,1.1045445922396309e-11,0.1999999999965638,4.819300051132927e-12,1.250746527908605e-12,1.3284055736616228e-12,6.663348214963548e-12,2.3897897151903604e-12,1.0253796014142755e-12,0.19999999999880966,1.8327493191640597e-12
2017-12-31,2.7814620601640742e-11,2.7814620601640742e-11,1.623821322605898e-11,8.988229280360367e-12,8.456354410949524e-11,0.19999999989820771,2.0385948702681953e-11,3.2833414160845494e-11,0.19999999992631734,1.4424987100527275e-11,1.502659394391335e-10,0.19999999992906925,0.19999999997718754,0.1999999998858886
2018-01-31,7.258513426043165e-11,7.258513426043165e-11,0.19999999594073084,0.19999999801817286,3.531814070190381e-10,0.1999999965280612,0.19999999950384634,1.473711203343434e-10,1.2790552397135352e-09,2.324541194242043e-10,3.2607454000022567e-10,6.6197754240093386e-09,0.19999999979793773,1.1081689106212565e-09
2018-02-28,6.682436611447264e-11,6.682436611447264e-11,4.439348496157496e-10,2.0507243383987852e-11,0.1999999929020172,0.1999999993474648,7.401618784522694e-11,1.421657413182539e-10,0.1999999993918,3.8983061172936635e-11,8.2497156688406e-09,4.476690308522121e-11,0.19999999989063574,0.19999999932034382
2018-03-31,7.517193098921581e-11,7.517193098921581e-11,1.3576066430372053e-10,0.19999999921263847,9.528905812492273e-10,0.19999999919062972,0.19999999922564352,1.4502172182718853e-10,0.1999999821983954,2.823102628618848e-10,5.567068763324947e-10,2.7518710781896823e-09,0.19999999982855618,1.5369231691818952e-08
2018-04-30,2.5436774226052148e-11,2.5436774226052148e-11,1.340706701352078e-10,0.1999999997812644,3.979641372100213e-10,0.19999999860449905,0.19999999981628025,5.422458896064769e-11,0.1999999812656669,1.2572370372734049e-10,1.7769102517462044e-10,3.4721715974156302e-09,0.19999999993329937,1.618627098916132e-08
2018-05-31,4.222802217937692e-11,4.222802217937692e-11,0.19999999995194406,2.0511038896380014e-10,9.649601249119547e-11,1.4100596959224956e-10,1.1410239347334039e-06,6.086163204898881e-11,0.19999999985711467,9.902989372736962e-11,0.1999999971593618,0.19999999962073772,0.1999988615506859,1.4926101486498878e-10
2018-06-30,9.662333757915156e-12,9.662333757915156e-12,5.617298527516792e-11,0.19999999988662787,5.3929721391056306e-11,0.19999999374943533,0.19999999992993428,1.8674926495803133e-11,0.19999999936259782,6.699603320108342e-11,8.782307592264218e-11,6.37732721101222e-09,0.19999999997709142,4.140644339620963e-10
2018-07-31,1.0382057155983248e-11,0.19999999938657967,2.2500377259441937e-11,7.400574536024834e-10,2.5091060542218538e-11,1.360174016359672e-10,0.19999999975126173,1.6616292636013426e-11,0.19999999997792214,2.4884208249473522e-11,2.6957044986765136e-11,0.19999999993325956,0.19999999990825795,4.0213035238010465e-11
2018-08-31,1.099368774919717e-11,0.19999999887524808,2.0435256555775384e-11,0.19999999989621678,3.109574438420892e-11,0.19999999980729238,0.19999999996292067,1.7742472037984528e-11,1.0405037294408567e-09,4.1262094931920905e-11,5.280022471534542e-11,1.508050873517117e-10,0.19999999996764156,1.2504232858533504e-10
2018-09-30,1.8342610084439132e-11,0.1999999999069452,3.0027406479032604e-11,0.19999999985760666,2.8158408442665894e-11,0.1999999999453736,0.1999999999082452,2.1659316488252286e-11,2.1798397882610007e-10,3.041170875572432e-11,3.118591393942697e-11,4.2252030200210206e-11,0.19999999989693817,6.486985305416033e-11
2018-10-31,4.700358449729261e-12,7.092466974854151e-12,0.19999999999514717,2.656632545326591e-11,8.560305420971821e-12,4.0802025456393236e-11,3.465626411449039e-11,0.1999999996402314,0.19999999999055246,1.0680138625601582e-11,0.19999999998288998,0.1999999999875584,2.5564122571987077e-10,1.492145464597866e-11
2018-11-30,4.381011429420392e-12,7.34173224400719e-12,0.19999999999055143,2.8886494273919938e-11,1.08200350091238e-11,3.542664975553926e-11,3.631795551584044e-11,0.19999999994936887,0.19999999997402912,1.2658149163010439e-11,0.19999999993937312,0.19999999994975318,4.287151474795596e-11,1.822089305897312e-11
2018-12-31,2.5724239898959385e-11,7.472954722780602e-11,2.6442468807128815e-10,0.1999999964823931,3.6500531503304274e-10,0.19999999975564706,0.19999999958625897,2.3928371480954226e-10,0.19999998681842934,8.271013936803611e-11,8.36679094568105e-10,5.005690331984923e-09,0.19999999974616695,1.0716857605310222e-08
2019-01-31,3.171431446029917e-10,1.8479694462708078e-10,1.8776986796580008e-10,7.57441529038501e-10,2.264457700364918e-10,3.109153789498901e-10,2.901530040202474e-10,0.19999999900047535,0.1999999999112643,2.4998143943914647e-10,0.19999999945141303,0.19999999961303755,0.1999999991446209,3.545417512687134e-10
2019-02-28,1.0319224073907309e-11,2.2302558240061543e-11,0.19999999997402107,3.491210145331141e-11,1.836028287676698e-11,6.912944002486015e-11,1.6495729698649982e-10,1.6507108809097476e-11,0.19999999996338885,2.073559464973241e-11,0.19999999986123715,0.1999999999207505,0.19999999988877173,3.4607157460550336e-11
2019-03-31,5.204873800452542e-11,0.19999999984586544,0.1999999999963487,2.1777124503928545e-11,1.3424199975590315e-11,2.7878433102572563e-11,2.8446770740330018e-11,8.462059081226138e-12,0.19999999998864926,1.4094824908418214e-11,0.19999999997230644,0.19999999997793663,3.484828160260609e-11,1.791316252531057e-11
2019-04-30,0.19999999997799453,0.19999999933973284,0.1999999999627001,0.19999999997798884,2.3922800583620752e-11,3.2893712416927915e-11,5.321299079638347e-11,1.9414484160096805e-11,0.19999999990969325,2.453557895729629e-11,8.857128555634358e-11,5.233942090431639e-10,3.8222979126036656e-11,2.7722361951807717e-11
2019-05-31,0.19999998596139046,7.28085711301247e-11,9.543216872350628e-11,0.19999999794053527,1.5911323791641808e-10,0.19999999950415848,0.19999999941447477,7.111376357910962e-11,1.4372841293828192e-08,2.529814801529549e-10,2.4211467101738896e-10,6.786865627373497e-10,0.19999999951368727,1.7206621369815581e-09
2019-06-30,4.5842686161766083e-11,1.776513105649535e-10,8.9785015736496e-11,0.19999999925681067,1.5459192333537096e-10,0.19999999989838627,0.19999999989142347,7.037781056184449e-11,0.19999999969594462,1.4884308243194793e-10,1.6822785391769944e-10,1.407314519531783e-10,0.19999999989791264,3.634713055717172e-10
2019-07-31,4.831792974287193e-12,0.19999999997618834,7.946152353513132e-12,3.4472078679308312e-09,1.9275071138139267e-11,0.1999999999644195,0.19999999995877804,6.301519792630753e-12,0.19999999644035799,1.7567731221127268e-11,2.0864880621924696e-11,6.570839661042931e-11,0.19999999996345666,1.0709597233452045e-10
2019-08-31,4.000092694494699e-11,1.4558305287529642e-10,9.982999788047814e-11,0.19999999806933672,1.7514831833400047e-10,0.1999999998466256,0.19999999988575004,8.364289704863334e-11,0.19999999864697335,1.5461252442905905e-10,1.7453110384615382e-10,1.5696185027875125e-10,0.19999999989692954,2.624073924586052e-09
2019-09-30,3.987705054926564e-11,3.6641779475470338e-09,4.505753830096876e-11,0.19999999629574908,4.787188015001721e-11,0.19999999975932814,0.19999999978565355,4.840526504365362e-11,0.19999999959287668,3.9138570965699776e-11,4.703463297005751e-11,2.3678541176870813e-10,0.1999999998089601,5.89084266118285e-10
2019-10-31,3.544379188108542e-11,3.1289792783294045e-10,8.16065028911539e-11,0.19999999880411196,1.3559205403467888e-10,0.19999999980598634,0.1999999998222346,7.261518828572094e-11,0.19999999914637306,9.962913757403293e-11,1.2185768477325944e-10,8.410419926262335e-10,0.19999999979288313,9.277266351393021e-10
2019-11-30,2.657789643846559e-11,1.6967662198850912e-09,2.4265636681278427e-11,0.199999999818591,4.129784879519665e-11,0.199999999829884,0.199999999837657,2.6303058185415236e-11,0.19999999846945007,3.014999805411965e-11,3.983455218071495e-11,2.0150677630885154e-10,0.1999999997747722,1.8294366015867432e-10
2019-12-31,2.93128636298267e-11,3.0839399490131887e-10,2.5823562995695752e-11,0.19999999885052583,5.433516697201188e-11,0.19999999978112898,0.19999999980057018,2.7899418512566026e-11,0.19999999977771,4.6157137269490895e-11,5.3647942524451305e-11,5.150463225694556e-10,0.19999999972383004,1.0056185223795047e-09
2020-01-31,2.1802390539952554e-11,3.155346747457547e-11,2.149795617181729e-11,0.19999999965372217,3.702988789298757e-11,0.19999999985514763,0.1999999998938777,2.674395976615043e-11,0.1999999993096103,2.5898370710039832e-11,3.2558746396947143e-11,1.3120170302315695e-10,0.19999999984766548,1.111690096203558e-09
2020-02-29,8.007177134832164e-12,1.575986176190163e-11,2.5885044807738255e-11,0.1999999998445101,1.144007317339519e-11,0.1999999999694667,0.19999999997079917,2.2680575459411426e-11,0.1999999993091192,1.1310158764368751e-11,1.745214679912224e-11,1.6017567922300158e-11,0.199999999957467,8.200853092104248e-10
2020-03-31,2.3417506606519967e-12,6.405418734540366e-12,1.401523953184841e-11,0.19999999993154816,1.453829294030212e-11,0.19999999998326048,0.199999999978921,9.969309973391944e-12,0.19999999391871184,5.195522384505142e-12,1.5563707388097337e-11,1.9000440860632234e-11,0.19999999998159337,6.118935576443998e-09
2020-04-30,2.037247537651262e-11,1.2845642016985606e-11,3.272056657653622e-11,0.19999999981922595,2.988163259573791e-11,0.19999999993671158,0.19999999993819015,1.9982410293924795e-11,0.19999991198800007,2.3081822527800915e-11,5.1819535683817105e-11,9.151153016624311e-11,0.19999999994833875,8.808731769247557e-08
2020-05-31,0.19999999987210726,0.19999993223825424,3.6914126226655337e-10,6.55934115463945e-08,2.9982081806843126e-10,0.19999999947464145,0.19999999939265142,1.555683627110228e-10,8.249409082745016e-10,2.5665290278328836e-10,4.272471929011566e-10,5.60133664832408e-10,0.19999999924408524,1.2913436462797473e-09
2020-06-30,0.19999999999391602,0.19999999997878212,1.854640849727842e-11,3.6226756383029894e-11,1.8422214124899353e-11,5.1852184965098815e-11,0.19999999983929267,1.2369591535941337e-11,0.1999999999812895,1.9605503655062938e-11,2.0341831185324948e-11,0.19999999995900683,4.442347128902601e-11,2.5924878597979458e-11
2020-07-31,0.1999999999884545,0.19999999998533982,0.19999999997514642,2.8820406745513538e-11,2.1120796769767193e-11,3.852292492481352e-11,1.3606861006170011e-10,1.558957051574333e-11,0.19999999991212208,2.1597742431595886e-11,4.841443345965158e-11,0.19999999680139327,3.588351923148263e-11,2.9915259340131683e-09
2020-08-31,0.1999999999910028,0.19999999993588657,3.059477405099769e-11,3.6686410513212346e-11,2.6144363260343964e-11,9.479299462466671e-11,0.19999999979773112,2.1895986968627673e-11,0.19999999993892337,2.5937220294143885e-11,2.712200222036028e-11,0.19999999993216985,1.0757569862546327e-10,3.3536894451992184e-11
2020-09-30,0.1999999999985383,0.19999999999851983,3.975177075631002e-12,4.626040467598819e-12,3.891734790967608e-12,0.19999999999001805,0.19999999998905646,2.91950255728903e-12,3.74177603047408e-12,3.5415198494808258e-12,3.967186893176383e-12,3.1719474952656344e-12,0.19999999999003037,4.00214746773536e-12
2020-10-31,3.2789962428972407e-12,0.19999999997727794,3.921134793972088e-12,0.19999999999237109,3.5216811873510468e-12,0.1999999999959577,0.19999999999444895,2.630092611635889e-12,4.3634483579457946e-12,2.38823792054361e-12,3.807983607836808e-12,3.903727254630759e-12,0.19999999999592283,1.620629206114522e-11
2020-11-30,0.1999999999299142,3.7195725238760806e-10,0.1999999999199032,3.962033691076935e-10,1.5558504611665141e-10,6.54721590408241e-10,8.804662431520232e-10,1.0319031710461251e-10,0.19999999979776945,1.2876924997700906e-10,0.19999999693956966,0.19999999965656326,8.84287308044018e-10,1.8109989294579722e-10
2020-12-31,0.19999999992451278,0.1999999996203904,2.233024596994813e-10,4.0479075209451224e-10,1.7978648878329258e-10,0.19999999971662075,0.19999999909094357,1.06847720106441e-10,3.761605757429908e-10,1.3761803010700775e-10,2.2924760985387918e-10,3.435603173238468e-10,0.1999999993806544,2.6556416977197534e-10
2021-01-31,0.19999999994284412,8.367298260085241e-11,2.985745696250159e-11,0.19999999988556377,3.948798062356674e-11,0.1999999999373136,0.19999999991830777,3.2386047146689673e-11,4.678204626399161e-11,4.085986422615493e-11,3.389111076200064e-11,3.364217226423106e-11,0.19999999991875544,5.663569828076191e-11
2021-02-28,0.19999999999398163,2.20761517943935e-11,0.19999999998784165,3.038616669459996e-11,1.9009439546208946e-11,3.897838145197704e-11,0.19999994004999017,1.1960562728264159e-11,0.19999999996646664,1.6042388652525264e-11,5.983161661643046e-08,0.19999999993339618,7.53540939837052e-11,2.2900010921335524e-11
2021-03-31,0.19999999998499893,5.938831029449434e-11,6.21825061838659e-11,1.7259128771887271e-09,1.9135583033603283e-11,0.1999999999400259,0.19999999998832801,4.974274118758523e-12,4.3884712088549657e-10,9.751585387857166e-12,2.978117769686429e-11,0.19999999769833868,0.19999999998706636,5.126883319241345e-11
2021-04-30,1.1186430348699235e-10,1.0540003174372188e-10,1.913951192582133e-10,0.19999999944397442,1.250716127724924e-10,0.19999999978750804,0.1999999997860847,7.470778040500567e-11,2.5172052780451587e-09,1.0474920196496933e-10,1.4854986359704899e-10,0.19999999763695459,0.19999999978502933,1.8150559223709402e-10
2021-05-31,1.3151867152933484e-11,1.1422267057787202e-11,6.612102576900154e-11,0.19999999972798646,2.157649887085294e-11,0.19999999991566503,0.19999999991000497,2.4060733589126477e-11,2.5567715793471366e-09,2.2398433523127368e-11,2.8674119617214255e-11,0.19999999768796803,0.19999999991346581,1.0073313333307572e-10
2021-06-30,1.0475973093005806e-11,1.3102152530371746e-11,4.6803610573301795e-11,0.19999999985566508,1.6589836529991075e-11,0.19999999994500803,0.19999999994029988,1.6557177988294236e-11,3.2306620137982485e-09,1.5967891764940262e-11,2.312136047746838e-11,0.19999999685503975,0.1999999999389653,9.174193113383647e-11
2021-07-31,1.337307373251967e-11,4.294896549454371e-12,5.6650746079399384e-11,0.19999999985767636,1.2528082661263472e-11,0.19999999997180865,0.19999999996703954,1.2837291609035985e-11,4.183408670315134e-09,5.129212530750904e-12,1.3177032584128733e-11,0.1999999958364976,0.19999999996672063,9.885813319455732e-11
2021-08-31,2.3428237544009948e-11,1.3367750740474306e-11,6.387208055733892e-11,0.19999999965597814,2.7554086742442064e-11,0.19999999992226605,0.1999999999149254,2.488526725305215e-11,4.8023041512743345e-09,2.4267971720019512e-11,4.342472025148895e-11,0.19999999534923732,0.19999999990756245,2.2692647996343295e-10
2021-09-30,8.131723776699986e-12,1.7572058624549147e-11,0.1999999999711915,5.124205021890391e-12,0.19999999996376144,2.2360295969003724e-11,2.1547704770201674e-11,8.616082551402131e-12,0.19999999997795276,1.3601871818737407e-11,0.1999999999665376,2.4746789121168085e-11,0.19999999998805956,1.079642441605661e-11
2021-10-31,3.033726488446549e-12,4.280220661004373e-12,0.19999999667400892,2.8901607612473794e-10,5.905184287718764e-11,0.19999999996955337,0.19999999998751164,7.999383995276354e-12,0.1999999999293661,1.5786648390249698e-11,8.026239611719288e-11,2.588410781755714e-09,0.19999999998812198,4.035970294258224e-10
2021-11-30,1.4954543794952744e-11,9.377628077796965e-12,0.1999999872037998,1.5011450905074234e-09,1.904360551270436e-11,0.19999999996092474,0.19999999996832774,9.918556285966561e-12,0.19999999986843944,1.3786369966917588e-11,2.6717240014025635e-11,2.9092980504195705e-09,0.19999999996377882,8.530488052639136e-09
2021-12-31,1.5466122902930107e-11,1.4537183181705241e-11,0.1999999850245785,9.236286632756556e-10,3.9944259071495007e-11,0.19999999994722198,0.19999999995490939,2.1456415693969092e-11,0.199999999895656,3.636532597600634e-11,3.651505100554698e-11,4.834545007118496e-09,0.1999999999515456,9.303630257474717e-09
2022-01-31,5.589978675912828e-12,8.259103616316708e-12,0.19999993682437792,1.5007515269105464e-09,4.9431931769477735e-11,0.19999999997491122,0.19999999998226944,9.797962256955454e-12,0.19999999995181864,2.3711575449778427e-11,4.9610895431613405e-11,3.564448024211012e-08,0.19999999998071544,2.5994274225583322e-08
2022-02-28,6.6247936077540364e-12,1.85407596463343e-09,0.1999999999491323,2.0923617941116216e-11,1.0014474427283955e-11,0.19999999997317822,4.3757389817446194e-11,0.19999999990124007,2.7092434957798567e-11,0.19999999813696936,3.308296936502559e-11,2.5409000100464537e-11,0.19999999997473042,4.376902655916041e-11
2022-03-31,2.106646271724466e-13,1.734826908608521e-11,0.19999999995194087,2.804211918003659e-12,0.19999999979640862,0.19999999998935644,8.00693571148969e-12,2.846021869822405e-10,4.753824877595854e-12,0.19999999993831916,6.275111682432862e-12,4.991713428119955e-12,0.19999999998959384,5.3882982275067225e-12
2022-04-30,1.0539076847251842e-12,0.19999999988615705,0.19999999999015405,5.441657401444773e-12,1.2032290020562658e-10,0.19999999996836607,1.1394186751454882e-11,0.1999999999772163,7.387550846296998e-12,1.690757621907924e-11,9.10894580264336e-12,4.111022345658871e-12,0.1999999999942996,8.07924610244439e-12
2022-05-31,2.975793899122531e-12,1.4203025992667902e-11,2.3306486465835143e-10,3.902728723533576e-12,0.1999999993163917,0.19999999997176382,6.5625904608810146e-12,2.960854681776655e-11,0.19999999992457773,1.1132847136502353e-10,4.981896927463403e-10,1.1228213582545798e-11,0.19999999997494763,0.19999999990125505
2022-06-30,8.510508740072362e-12,0.19999999994035522,7.660775135669912e-11,2.9480727880201757e-11,1.5061276273295752e-10,0.19999999990340064,0.19999999992673312,5.356981853633485e-11,0.19999999923320705,1.1536691639434068e-10,1.1550056777020476e-10,1.3003494544277812e-10,0.19999999987846778,4.381519609528845e-10
2022-07-31,3.6172480273773125e-12,2.656398266217549e-11,2.4909116744985667e-11,5.203261533397551e-12,3.144594828434247e-11,0.1999999999693162,9.997879349136576e-11,2.990607808055e-11,0.1999999999546979,1.0197171524555016e-11,2.5336213899546433e-10,0.19999999977461758,0.19999999996850573,0.19999999984767872
2022-08-31,2.751848469827457e-12,1.6879089260929182e-11,2.480640331580656e-11,0.19999999973788662,3.272064340809738e-11,0.19999999996779821,6.637725547919514e-10,1.5665353406183953e-11,0.19999999992409292,4.15342734926946e-11,3.7365770226204084e-11,4.621187006152452e-11,0.19999999996716375,0.19999999952135064
2022-09-30,1.702830413338374e-11,0.19999999981141126,0.1999999998459592,1.273922308218073e-10,4.482509665980111e-11,0.19999999988655653,3.6092316066097397e-10,1.0040944234560156e-10,1.2952786306244852e-10,0.19999999938699806,1.1365372168993279e-10,6.971429537803279e-11,0.19999999993156883,1.7403184947375585e-10
2022-10-31,3.395139421762378e-12,3.5018162695455355e-11,7.056239265846114e-11,0.19999999717985797,6.289682242796825e-11,0.19999999996057738,3.119949870896629e-09,2.611259072791204e-11,0.19999999987160255,1.1931795114295723e-10,7.921929725846906e-11,6.93577741260473e-11,0.19999999994972453,0.1999999994524077
2022-11-30,0.19999999999748796,5.9113712324885884e-12,6.818400641938513e-12,2.1467957670438308e-10,7.886188592780781e-12,0.19999999998411994,0.19999999997715714,3.846430706772161e-12,0.19999999978341038,8.212290122237472e-12,1.0127112580397392e-11,9.21813665477776e-12,0.1999999999823863,8.73860482541524e-12
2022-12-31,0.19999999999501267,1.012821859945265e-11,1.9813958120943058e-08,2.7233714293595116e-11,1.1053610027129181e-11,0.19999999992021456,0.19999999996453388,1.0821368952618786e-11,0.1999999802679168,1.0880754247869302e-11,8.61255925755888e-12,1.0049588216937746e-11,0.19999999993286988,1.6714197612365804e-11
2023-01-31,0.19999999999878554,1.3110881452820846e-11,3.9964250490651436e-11,2.574895947264795e-09,4.449694637820655e-11,0.1999999999558178,0.19999999997708223,2.1658456716005334e-11,0.199999997133879,3.7900577582374226e-11,5.6086589347615136e-11,5.1582635647862894e-11,0.1999999999623619,1.323773384187443e-10
2023-02-28,0.19999999997927095,2.3479719501761167e-11,1.703597060001893e-10,1.9669459087863714e-10,7.962101952334029e-11,1.2457610569631913e-10,0.19999999984825576,4.179680001346708e-11,0.19999999995823073,6.874928206709751e-11,9.404926182004633e-11,0.19999999986103964,0.19999999942037786,1.3349859016391153e-10
2023-03-31,0.19999999998863333,2.915296338274373e-11,3.611606085080884e-10,9.060737108750642e-10,1.1086704706635489e-10,0.1999999986667031,0.19999999989001085,5.39953648041213e-11,0.1999999996666291,8.939403695980532e-11,1.5002743530758408e-10,2.1893904885262925e-10,0.19999999961945536,2.4895805864579034e-10
2023-04-30,0.19999999999527396,8.591990225732286e-12,5.585518916515743e-11,1.0700875752439349e-10,2.7971826694649423e-11,0.19999999905384233,0.19999999991094589,1.52262178017235e-11,0.1999999999861477,2.4069618545835687e-11,3.504206825300424e-11,0.19999999998558632,7.390274669244596e-10,5.541056771170114e-11
2023-05-31,0.19999999997836704,4.914925635722135e-11,1.5034957035500387e-10,5.971946429044844e-10,2.103348024414006e-10,0.19999999965660914,0.1999999998575784,9.175668135888688e-11,0.19999999961834125,1.7230650608675089e-10,2.916868598133364e-10,8.709080321420072e-10,0.19999999801496154,4.4045630496644943e-10
2023-06-30,0.19999999999659232,1.6909820378650015e-11,3.300940934661146e-11,4.826951155736194e-10,4.818698896332601e-11,0.1999999998915196,0.19999999994522885,2.5871567715357145e-11,0.19999999971416516,3.557544060124506e-11,5.35573924990017e-11,5.986939651446294e-11,0.19999999964115522,5.5663777751513743e-11
2023-07-31,0.1999999999940256,1.2560621847614427e-11,3.746423150464767e-11,5.813175120795037e-11,3.037949565260538e-11,0.19999999937929652,0.19999999994143375,1.6935423915744795e-11,0.1999999999882112,2.3278377671586672e-11,3.1154361627969866e-11,0.1999999999584963,4.908202933493153e-10,3.7812053000525504e-11
2023-08-31,0.199999999987469,3.608018718221516e-11,7.742125128877394e-11,6.332158437643928e-11,1.1424978668158725e-10,0.19999999971382873,0.19999999990795678,6.546121630112183e-11,0.19999999958957088,9.39627627391109e-11,1.1419335710141246e-10,2.666639727106307e-10,0.19999999988647743,8.33430421067723e-11
2023-09-30,1.9446712695501056e-12,4.3878557409294535e-12,3.411902041287374e-11,3.916355665112848e-11,4.704612531640803e-11,0.19999999996063877,0.19999999994304155,2.419392601036177e-11,0.19999999989856196,4.221671135990815e-11,4.708718568772202e-11,5.03641709022722e-11,0.19999999993466455,0.19999999997257006
2023-10-31,0.1999999999904077,2.0993883059848222e-11,4.678218879090612e-11,1.1019614018797965e-10,5.578079879353482e-11,0.1999999998041627,0.1999999999077632,3.962966609101331e-11,0.19999999975552132,5.954893264544299e-11,5.805521679523195e-11,5.788068222432384e-11,0.19999999986390107,2.293764729369521e-10
2023-11-30,0.19999999999829746,4.664605147102847e-12,5.6582353927864805e-11,2.2392462738814494e-10,4.055831256415081e-12,0.19999999995195528,0.1999999999789183,5.9934638053592745e-12,0.19999999982082864,6.512634409448742e-12,4.072975520502627e-12,3.6078505856204536e-12,0.19999999993100293,9.582935886694316e-12
2023-12-31,9.53014237663859e-13,2.0603535014031865e-12,2.154571005606908e-11,0.19999999997553952,2.1731945459916793e-11,0.19999999996548504,0.19999999999356177,1.2183041234587478e-11,0.1999999999286577,1.8394684132878856e-11,2.1809703831061156e-11,2.2015814412540203e-11,0.19999999996579618,5.026545216021154e-11
2024-01-31,0.19999999997244267,3.831130422998727e-11,1.3241714571109933e-10,1.0168409532435696e-09,1.625570886669986e-10,0.19999999951835645,0.1999999998845884,8.344381323788663e-11,0.19999999923774836,1.199253798292482e-10,1.6699909137681227e-10,1.794786596986296e-10,0.19999999924733314,2.3955752906822054e-10
2024-02-29,0.1999999999690663,5.1072624579647694e-11,2.8334587915467767e-10,1.2593510736983824e-09,1.7616348688475765e-10,0.1999999986377969,0.19999999976623406,6.259600419269487e-11,1.1888922314382992e-09,7.707596067011901e-11,1.63140335133025e-10,0.19999999987244269,0.19999999819894057,2.9388168096208137e-10
2024-03-31,0.19999999999189888,7.63731846296253e-12,5.364520924855137e-11,2.84585894132332e-10,5.4719616088253306e-11,3.815148801590652e-09,0.19999999987041792,1.1113868442892869e-11,0.19999999998366733,1.5762765769328986e-11,4.3598731973908205e-11,0.19999999996722195,0.1999999958289507,7.163110162851557e-11
2024-04-30,1.8415713104752608e-11,6.038856211808233e-11,1.7606605368679295e-10,1.0281483000578901e-10,1.2256063457549099e-09,0.19999999897025694,0.19999999985779304,1.276070071494288e-10,0.19999999991011708,1.6731209386553266e-10,5.648344312325601e-10,0.1999999886345607,0.1999999998215889,1.0362638451370262e-08
2024-05-31,1.1301442194904616e-11,3.38883079236778e-11,2.46548270210836e-10,0.19999998790020773,7.756381489209813e-10,0.19999999948224206,0.19999999989681336,9.942942486583774e-11,0.19999999901689242,1.6804848575591433e-10,4.3792801959165725e-10,3.947560977220159e-09,0.19999999970093926,8.282562150577459e-09
2024-06-30,0.19999999997364262,3.099889040349131e-11,3.366042760536913e-10,0.19999998614083173,2.590663662637496e-10,0.19999999955106157,0.1999999998987473,7.518735616268376e-11,1.2167364924158718e-08,1.212105433050474e-10,2.1554538122272483e-10,3.948187181981646e-10,0.199999999538532,1.2963882627854151e-09
2024-07-31,1.987719772093175e-12,6.343854784158828e-12,5.977176676246565e-11,0.19999999986363404,2.0533316035834391e-10,0.19999999994889453,0.19999999998507237,2.2380785449056695e-11,0.1999999875122599,4.633795455857992e-11,9.035401632977175e-11,1.733132055126935e-10,0.19999999995076131,1.2133555298330935e-08
2024-08-31,1.4290619081790094e-11,3.9598791143725027e-11,0.19999999930511694,1.0133574521293322e-11,0.19999999996107098,0.19999999997156023,4.7204622819105167e-11,3.1196888899476977e-10,2.696048683337822e-11,3.148866870329378e-10,9.154756034225948e-11,3.864859891393922e-11,0.19999999997217116,0.19999999989484088
2024-09-30,0.19999999998438808,2.764294399961903e-11,4.891169421768387e-10,5.289647670151114e-07,8.270150680628676e-10,0.1999999997005929,0.1999999998888582,8.038610086908055e-11,9.122102074741605e-10,1.3177811395170836e-10,2.586985016434639e-10,4.070523694218869e-10,0.19999999971712998,0.19999946861036347
2024-10-31,4.984570375553323e-12,1.1557452002860582e-11,1.071821464501951e-10,2.0802450938922555e-11,2.0676757040016147e-09,0.199999999930564,0.19999999986832717,4.3454330298921206e-11,0.1999999985376468,7.693050322905753e-11,2.679809687636918e-10,6.682496954936703e-10,0.199999999926679,0.19999999846796523
2024-11-30,0.19999999995158846,7.991856820282216e-11,3.4828797780420795e-10,0.1999999647075497,8.755485925200581e-10,0.1999999987358862,0.19999999959336903,2.138075549614094e-10,1.8443136335719576e-09,3.576816338908946e-10,5.473615514202968e-10,6.615332394743965e-10,0.19999999850178365,3.3581370130689415e-08
2024-12-31,0.19999999998971724,2.2483263675223527e-11,1.3063051608714395e-10,0.19999999979528987,8.095148492013907e-09,2.0223415743408997e-11,0.19999999994532172,7.174879861106579e-11,3.601261716684414e-08,1.4446402430795377e-10,5.348765657288812e-10,1.1104794954364492e-09,0.19999999985564698,0.19999995427135245
2025-01-31,0.1999999999818906,5.112918889778691e-11,3.607059807247704e-10,0.19999999940925556,6.941207843245128e-10,0.1999999976271031,0.19999999982841232,9.702345502279475e-11,7.174983793514373e-10,1.434132918639394e-10,2.481709372666415e-10,3.5149592595027503e-10,0.1999999991515157,1.3382647699672553e-09
2025-02-28,0.1999999999951797,2.239837201336116e-11,8.045169869626783e-11,0.1999999998105524,2.835504423612514e-10,0.19999999966701326,0.19999999989244704,4.6137842644216465e-11,1.7128189311475423e-10,5.588625910196002e-11,8.301804007623847e-11,1.2638238887984497e-10,0.19999999957812412,1.87576604777318e-10
2025-03-31,0.19999999998709453,2.503628276364982e-11,5.6368811076510594e-11,0.19999999972556612,5.164173158792602e-10,0.19999999971361807,0.19999999979907016,5.2985924530733455e-11,1.0722821334796091e-10,5.520473899326266e-11,6.848642544764908e-11,8.993959633622435e-11,0.19999999969880122,1.0418253538842332e-10
2025-04-30,0.19999999999178358,1.5666238458234752e-11,2.0278214125951005e-11,0.19999999994083068,1.9506531918667838e-10,0.19999999988782635,0.19999999986472705,2.1371782822501724e-11,4.781588107045303e-11,2.0791715048645763e-11,3.0487666778298606e-11,4.366347484634575e-11,0.19999999987019682,4.9495261557587776e-11
2025-05-31,0.19999999999070053,1.9976590453445207e-11,4.9435098251117416e-11,0.19999999985279518,9.945139532108526e-10,0.19999999931835333,0.19999999984202824,4.398347448825658e-11,4.7426877251983724e-11,4.5211302864008574e-11,5.463339909963428e-11,4.195317088643963e-11,0.19999999966000345,3.8985396103529064e-11
2025-06-30,0.19999999999786117,6.1766076129236684e-12,1.2928609250908946e-11,0.1999999999306031,7.545121898418972e-10,0.19999999936633148,0.1999999999653436,1.300666696808736e-11,8.930233818361992e-12,1.3044492172672392e-11,9.925328989639296e-12,9.492595120767193e-12,0.1999999999023885,9.455346453630868e-12
2025-07-31,0.19999999999927187,1.7229082647894564e-12,3.967090345920384e-12,0.19999999997327436,8.622824706063635e-10,0.19999999917988862,0.19999999998779508,3.969357151352529e-12,2.7121488645825133e-12,3.972285097704815e-12,2.949079933835794e-12,2.706562079455072e-12,0.1999999999726249,2.863319660313855e-12
2025-08-31,0.19999999998741547,2.5382984823139936e-11,6.521330268112743e-11,0.1999999997162637,1.4852175310811028e-08,0.19999998562934304,0.19999999979197441,6.477864803713566e-11,5.989363752747835e-11,6.305524363906278e-11,6.44258684251978e-11,5.2786959276108134e-11,0.19999999958127704,4.6014300837265584e-11
2025-09-30,0.1999999999767173,1.944058191610216e-11,1.1645741337260917e-10,0.1999999967553799,8.173420301732384e-09,1.791633307000898e-09,0.1999999996831525,1.5536130070837485e-10,1.666865603531856e-10,9.898398244043463e-11,1.540002571448595e-10,0.19999999991375034,0.1999999928095075,1.8550863310050564e-10
