Date,Universe,Strategy,Ret_gross,Cost,Ret_net
2008-10-31,A,ML_RF_longonly_costaware_5bps_grosslabels_affine,0.058449898519118415,-0.00024999999999999995,0.058199898519118415
2008-11-30,A,ML_RF_longonly_costaware_5bps_grosslabels_affine,0.05345512767527137,-1.1320596541169409e-13,0.053455127675158164
2008-12-31,A,ML_RF_longonly_costaware_5bps_grosslabels_affine,-0.05034435608340672,-9.999999998656831e-05,-0.05044435608339329
2009-01-31,A,ML_RF_longonly_costaware_5bps_grosslabels_affine,0.038361307617483055,-0.00020000002427529245,0.03816130759320776
2009-02-28,A,ML_RF_longonly_costaware_5bps_grosslabels_affine,0.06724839665548106,-0.0001999999976056639,0.0670483966578754
2009-03-31,A,ML_RF_longonly_costaware_5bps_grosslabels_affine,0.035335387149221915,-0.00019999997295608334,0.03513538717626583
2009-04-30,A,ML_RF_longonly_costaware_5bps_grosslabels_affine,-0.07075235697079577,-0.00020000000020955154,-0.07095235697100531
2009-05-31,A,ML_RF_longonly_costaware_5bps_grosslabels_affine,-0.03160062351684929,-0.00019999999933518773,-0.03180062351618448
2009-06-30,A,ML_RF_longonly_costaware_5bps_grosslabels_affine,0.033647424647617566,-0.0001000000010728405,0.03354742464654473
2009-07-31,A,ML_RF_longonly_costaware_5bps_grosslabels_affine,-0.010428156635206052,-9.20556447316109e-13,-0.010428156636126609
2009-08-31,A,ML_RF_longonly_costaware_5bps_grosslabels_affine,0.03523159802709043,-9.999999999063862e-05,0.035131598027099795
2009-09-30,A,ML_RF_longonly_costaware_5bps_grosslabels_affine,0.019461959607099993,-0.00010000000001777962,0.019361959607082212
2009-10-31,A,ML_RF_longonly_costaware_5bps_grosslabels_affine,0.011129307930737985,-0.00030000000395318465,0.0108293079267848
2009-11-30,A,ML_RF_longonly_costaware_5bps_grosslabels_affine,0.06129486302680463,-4.350158020668285e-12,0.061294863022454474
2009-12-31,A,ML_RF_longonly_costaware_5bps_grosslabels_affine,0.01939697213047298,-0.0001999999999650679,0.019196972130507913
2010-01-31,A,ML_RF_longonly_costaware_5bps_grosslabels_affine,0.04052517179633238,-1.5291145632568292e-12,0.040525171794803264
2010-02-28,A,ML_RF_longonly_costaware_5bps_grosslabels_affine,0.00019424665395135297,-0.00019999999902968558,-5.753345078332605e-06
2010-03-31,A,ML_RF_longonly_costaware_5bps_grosslabels_affine,0.031042665550493873,-0.00020000000043385064,0.030842665550060024
2010-04-30,A,ML_RF_longonly_costaware_5bps_grosslabels_affine,-0.006068645969739485,-0.00019999999957348764,-0.0062686459693129725
2010-05-31,A,ML_RF_longonly_costaware_5bps_grosslabels_affine,-0.021655396626227518,-5.459346693972656e-12,-0.021655396631686866
2010-06-30,A,ML_RF_longonly_costaware_5bps_grosslabels_affine,-0.01645836724015715,-0.00010000000120027786,-0.016558367241357428
2010-07-31,A,ML_RF_longonly_costaware_5bps_grosslabels_affine,-0.024462940232074605,-0.00029999999924012994,-0.024762940231314735
2010-08-31,A,ML_RF_longonly_costaware_5bps_grosslabels_affine,-0.05784531288707152,-0.0002000000016225675,-0.05804531288869409
2010-09-30,A,ML_RF_longonly_costaware_5bps_grosslabels_affine,0.043703569507127844,-0.00020000000159816578,0.04350356950552968
2010-10-31,A,ML_RF_longonly_costaware_5bps_grosslabels_affine,-0.01723933337453316,-0.00030000000024999396,-0.017539333374783153
2010-11-30,A,ML_RF_longonly_costaware_5bps_grosslabels_affine,0.009621321215658576,-9.147727734697938e-14,0.0096213212155671
2010-12-31,A,ML_RF_longonly_costaware_5bps_grosslabels_affine,0.07173557917720344,-8.085856490879334e-14,0.07173557917712259
2011-01-31,A,ML_RF_longonly_costaware_5bps_grosslabels_affine,0.03453258630567637,-8.556051725604459e-14,0.03453258630559081
2011-02-28,A,ML_RF_longonly_costaware_5bps_grosslabels_affine,0.03866733394769544,-1.6513477521623652e-14,0.03866733394767893
2011-03-31,A,ML_RF_longonly_costaware_5bps_grosslabels_affine,-0.0023905189684542564,-1.1869582186402105e-15,-0.0023905189684554433
2011-04-30,A,ML_RF_longonly_costaware_5bps_grosslabels_affine,-0.0632203595397748,-1.4368548865873828e-15,-0.06322035953977624
2011-05-31,A,ML_RF_longonly_costaware_5bps_grosslabels_affine,0.038408213195411274,-2.1478760112933974e-15,0.03840821319540912
2011-06-30,A,ML_RF_longonly_costaware_5bps_grosslabels_affine,0.005078682325375835,-1.0947731704691287e-15,0.00507868232537474
2011-07-31,A,ML_RF_longonly_costaware_5bps_grosslabels_affine,0.033425273162629124,-2.139289725735089e-14,0.03342527316260773
2011-08-31,A,ML_RF_longonly_costaware_5bps_grosslabels_affine,0.00969505208534919,-1.9583111122971666e-14,0.009695052085329607
2011-09-30,A,ML_RF_longonly_costaware_5bps_grosslabels_affine,-0.027961910436911295,-7.106610479800848e-15,-0.0279619104369184
2011-10-31,A,ML_RF_longonly_costaware_5bps_grosslabels_affine,0.013087379329528371,-9.144811050743699e-16,0.013087379329527457
2011-11-30,A,ML_RF_longonly_costaware_5bps_grosslabels_affine,0.017508639339480405,-1.3027230293725612e-15,0.017508639339479104
2011-12-31,A,ML_RF_longonly_costaware_5bps_grosslabels_affine,0.04720299192179523,-2.7677472928636583e-15,0.04720299192179246
2012-01-31,A,ML_RF_longonly_costaware_5bps_grosslabels_affine,0.009120240252409909,-7.18254687984287e-16,0.00912024025240919
2012-02-29,A,ML_RF_longonly_costaware_5bps_grosslabels_affine,0.03651215211131844,-5.089499212984125e-16,0.03651215211131793
2012-03-31,A,ML_RF_longonly_costaware_5bps_grosslabels_affine,0.022977798490110547,-7.801739855696039e-16,0.022977798490109766
2012-04-30,A,ML_RF_longonly_costaware_5bps_grosslabels_affine,0.017633055756930062,-1.170227909224512e-15,0.017633055756928893
2012-05-31,A,ML_RF_longonly_costaware_5bps_grosslabels_affine,-0.017079283204205174,-1.4104839197625727e-15,-0.017079283204206586
2012-06-30,A,ML_RF_longonly_costaware_5bps_grosslabels_affine,0.05509472362193112,-1.3213426705780702e-15,0.055094723621929804
2012-07-31,A,ML_RF_longonly_costaware_5bps_grosslabels_affine,-0.029376458622550804,-2.3186181088254315e-13,-0.029376458622782667
2012-08-31,A,ML_RF_longonly_costaware_5bps_grosslabels_affine,0.049161789901912493,-9.805247535650077e-14,0.04916178990181444
2012-09-30,A,ML_RF_longonly_costaware_5bps_grosslabels_affine,0.04175067483554787,-4.004759987061012e-14,0.041750674835507824
2012-10-31,A,ML_RF_longonly_costaware_5bps_grosslabels_affine,0.016165033196644644,-2.567005976156679e-14,0.016165033196618973
2012-11-30,A,ML_RF_longonly_costaware_5bps_grosslabels_affine,0.020339655996573655,-2.0838123653603963e-14,0.020339655996552818
2012-12-31,A,ML_RF_longonly_costaware_5bps_grosslabels_affine,-0.010413681163691183,-1.9432951842494323e-13,-0.010413681163885512
2013-01-31,A,ML_RF_longonly_costaware_5bps_grosslabels_affine,0.048818281078992026,-9.073756312090019e-15,0.04881828107898295
2013-02-28,A,ML_RF_longonly_costaware_5bps_grosslabels_affine,-0.007100490625533857,-3.236954765876845e-16,-0.00710049062553418
2013-03-31,A,ML_RF_longonly_costaware_5bps_grosslabels_affine,-0.006835211571000037,-4.62984740989578e-16,-0.0068352115710005
2013-04-30,A,ML_RF_longonly_costaware_5bps_grosslabels_affine,0.02420250420058203,-4.014727942932126e-16,0.024202504200581627
2013-05-31,A,ML_RF_longonly_costaware_5bps_grosslabels_affine,0.03467719234464126,-7.924728395454674e-16,0.03467719234464047
2013-06-30,A,ML_RF_longonly_costaware_5bps_grosslabels_affine,-0.018903253582582148,-9.148415587090915e-16,-0.018903253582583063
2013-07-31,A,ML_RF_longonly_costaware_5bps_grosslabels_affine,0.044436220348252904,-2.0245212560042622e-16,0.0444362203482527
2013-08-31,A,ML_RF_longonly_costaware_5bps_grosslabels_affine,-0.03669072956789677,-3.119935515828177e-16,-0.03669072956789708
2013-09-30,A,ML_RF_longonly_costaware_5bps_grosslabels_affine,0.052040727951633635,-2.0656761455846107e-16,0.05204072795163343
2013-10-31,A,ML_RF_longonly_costaware_5bps_grosslabels_affine,0.023925363353095773,-2.637226803264097e-16,0.02392536335309551
2013-11-30,A,ML_RF_longonly_costaware_5bps_grosslabels_affine,0.004410658898968845,-4.474321360885481e-17,0.0044106588989688
2013-12-31,A,ML_RF_longonly_costaware_5bps_grosslabels_affine,-0.0036950716669378676,-2.1833295819779416e-13,-0.003695071667156201
2014-01-31,A,ML_RF_longonly_costaware_5bps_grosslabels_affine,0.043630511910771407,-1.9938532422540063e-14,0.04363051191075147
2014-02-28,A,ML_RF_longonly_costaware_5bps_grosslabels_affine,0.0022857803108694615,-1.9528190545631588e-13,0.00228578031067418
2014-03-31,A,ML_RF_longonly_costaware_5bps_grosslabels_affine,-0.013945564850689412,-1.8804973688873907e-13,-0.013945564850877461
2014-04-30,A,ML_RF_longonly_costaware_5bps_grosslabels_affine,0.01608696698537973,-1.8759048884937007e-13,0.01608696698519214
2014-05-31,A,ML_RF_longonly_costaware_5bps_grosslabels_affine,-0.01786399339369567,-8.280970109015667e-15,-0.017863993393703953
2014-06-30,A,ML_RF_longonly_costaware_5bps_grosslabels_affine,0.025064194726161105,-2.5595024495812437e-15,0.025064194726158544
2014-07-31,A,ML_RF_longonly_costaware_5bps_grosslabels_affine,-0.061647823745355504,-1.7574323518639778e-15,-0.06164782374535726
2014-08-31,A,ML_RF_longonly_costaware_5bps_grosslabels_affine,-0.018841958152371732,-2.052044912779193e-15,-0.018841958152373783
2014-09-30,A,ML_RF_longonly_costaware_5bps_grosslabels_affine,0.07733513757375982,-2.573295202858407e-15,0.07733513757375725
2014-10-31,A,ML_RF_longonly_costaware_5bps_grosslabels_affine,0.010562166541922597,-2.3733397664517656e-15,0.010562166541920224
2014-11-30,A,ML_RF_longonly_costaware_5bps_grosslabels_affine,-0.02140568453227,-2.361756408305207e-15,-0.021405684532272363
2014-12-31,A,ML_RF_longonly_costaware_5bps_grosslabels_affine,-0.060213970692038696,-1.2106693674596613e-15,-0.0602139706920399
2015-01-31,A,ML_RF_longonly_costaware_5bps_grosslabels_affine,-0.0010966381816909453,-6.350720711870002e-16,-0.0010966381816915804
2015-02-28,A,ML_RF_longonly_costaware_5bps_grosslabels_affine,0.08193771193587628,-6.615007644175235e-16,0.08193771193587561
2015-03-31,A,ML_RF_longonly_costaware_5bps_grosslabels_affine,-0.010059287948660399,-1.1526621824162156e-14,-0.010059287948671926
2015-04-30,A,ML_RF_longonly_costaware_5bps_grosslabels_affine,0.02870187123134895,-1.0333460939710586e-14,0.02870187123133862
2015-05-31,A,ML_RF_longonly_costaware_5bps_grosslabels_affine,0.007380034352374272,-1.5537150816476735e-15,0.007380034352372718
2015-06-30,A,ML_RF_longonly_costaware_5bps_grosslabels_affine,0.04785330110576346,-0.00010000000027226167,0.0477533011054912
2015-07-31,A,ML_RF_longonly_costaware_5bps_grosslabels_affine,0.000820964209583516,-0.00010000000016893613,0.0007209642094145799
2015-08-31,A,ML_RF_longonly_costaware_5bps_grosslabels_affine,0.004634683965485667,-9.519211292812143e-14,0.004634683965390475
2015-09-30,A,ML_RF_longonly_costaware_5bps_grosslabels_affine,-0.032693456026636196,-7.526212243065625e-15,-0.032693456026643725
2015-10-31,A,ML_RF_longonly_costaware_5bps_grosslabels_affine,0.043785368249427845,-2.4061058202130866e-15,0.04378536824942544
2015-11-30,A,ML_RF_longonly_costaware_5bps_grosslabels_affine,0.02511752591320031,-3.4728846816391738e-15,0.025117525913196836
2015-12-31,A,ML_RF_longonly_costaware_5bps_grosslabels_affine,0.020926540939522398,-1.4287923301484803e-15,0.02092654093952097
2016-01-31,A,ML_RF_longonly_costaware_5bps_grosslabels_affine,0.03199350147633555,-1.1633081335415878e-15,0.03199350147633438
2016-02-29,A,ML_RF_longonly_costaware_5bps_grosslabels_affine,0.0014968934487473472,-7.509946609585933e-16,0.0014968934487465963
2016-03-31,A,ML_RF_longonly_costaware_5bps_grosslabels_affine,0.013663381958299374,-1.2494373369382444e-15,0.013663381958298125
2016-04-30,A,ML_RF_longonly_costaware_5bps_grosslabels_affine,0.006491566425327524,-1.722814548794572e-12,0.006491566423604709
2016-05-31,A,ML_RF_longonly_costaware_5bps_grosslabels_affine,0.0028304153925622364,-9.999999845786045e-05,0.002730415394104376
2016-06-30,A,ML_RF_longonly_costaware_5bps_grosslabels_affine,0.024535376309867466,-3.583036960363831e-13,0.024535376309509162
2016-07-31,A,ML_RF_longonly_costaware_5bps_grosslabels_affine,0.007215034907790839,-9.999999917503477e-05,0.007115034908615804
2016-08-31,A,ML_RF_longonly_costaware_5bps_grosslabels_affine,0.018837093333737422,-9.999999905192957e-05,0.018737093334685494
2016-09-30,A,ML_RF_longonly_costaware_5bps_grosslabels_affine,0.021963965054160362,-8.39686109795654e-12,0.021963965045763503
2016-10-31,A,ML_RF_longonly_costaware_5bps_grosslabels_affine,0.02602272941488193,-9.99999919159015e-05,0.02592272942296603
2016-11-30,A,ML_RF_longonly_costaware_5bps_grosslabels_affine,0.0030080888130815716,-6.294933870590492e-14,0.0030080888130186224
2016-12-31,A,ML_RF_longonly_costaware_5bps_grosslabels_affine,0.06730035724485627,-6.063151732046506e-14,0.06730035724479563
2017-01-31,A,ML_RF_longonly_costaware_5bps_grosslabels_affine,-0.022688207568422526,-5.050277827620497e-14,-0.022688207568473027
2017-02-28,A,ML_RF_longonly_costaware_5bps_grosslabels_affine,-0.021845051458152225,-1.3611506927509951e-14,-0.021845051458165836
2017-03-31,A,ML_RF_longonly_costaware_5bps_grosslabels_affine,0.0035296571240864766,-0.0001000000000201948,0.003429657124066282
2017-04-30,A,ML_RF_longonly_costaware_5bps_grosslabels_affine,0.051955680813447425,-8.749378779511691e-14,0.05195568081335993
2017-05-31,A,ML_RF_longonly_costaware_5bps_grosslabels_affine,0.00945291687155174,-4.2414600892192215e-14,0.009452916871509325
2017-06-30,A,ML_RF_longonly_costaware_5bps_grosslabels_affine,0.02501760803469415,-4.911015447246782e-15,0.025017608034689238
2017-07-31,A,ML_RF_longonly_costaware_5bps_grosslabels_affine,0.048340737885604175,-1.6285324465729466e-13,0.04834073788544132
2017-08-31,A,ML_RF_longonly_costaware_5bps_grosslabels_affine,-0.009329831503303276,-1.3371541618130427e-13,-0.009329831503436992
2017-09-30,A,ML_RF_longonly_costaware_5bps_grosslabels_affine,-0.0941086632548494,-1.353487200484149e-12,-0.09410866325620289
2017-10-31,A,ML_RF_longonly_costaware_5bps_grosslabels_affine,0.008656336163411311,-9.999999770764253e-05,0.008556336165703669
2017-11-30,A,ML_RF_longonly_costaware_5bps_grosslabels_affine,-0.09411236639384594,-1.1267793118833883e-12,-0.09411236639497272
2017-12-31,A,ML_RF_longonly_costaware_5bps_grosslabels_affine,0.09199894392329916,-9.553948046807644e-13,0.09199894392234377
2018-01-31,A,ML_RF_longonly_costaware_5bps_grosslabels_affine,0.03687613560997754,-1.638215637513231e-11,0.03687613559359538
2018-02-28,A,ML_RF_longonly_costaware_5bps_grosslabels_affine,0.01799556864158363,-0.00010000000036198204,0.01789556864122165
2018-03-31,A,ML_RF_longonly_costaware_5bps_grosslabels_affine,0.04597845091495869,-1.301253016685925e-12,0.04597845091365744
2018-04-30,A,ML_RF_longonly_costaware_5bps_grosslabels_affine,-0.07555257140831358,-1.2095724011571205e-12,-0.07555257140952315
2018-05-31,A,ML_RF_longonly_costaware_5bps_grosslabels_affine,0.06204339215123804,-9.999999953714301e-05,0.061943392151700895
2018-06-30,A,ML_RF_longonly_costaware_5bps_grosslabels_affine,0.01948901433829861,-3.116367973920438e-13,0.019489014337986974
2018-07-31,A,ML_RF_longonly_costaware_5bps_grosslabels_affine,-0.02283948416032742,-0.00010000000001862722,-0.02293948416034605
2018-08-31,A,ML_RF_longonly_costaware_5bps_grosslabels_affine,0.01387148589321639,-1.4163516456059296e-13,0.013871485893074756
2018-09-30,A,ML_RF_longonly_costaware_5bps_grosslabels_affine,0.02993522166934856,-1.3592408012181776e-13,0.029935221669212638
2018-10-31,A,ML_RF_longonly_costaware_5bps_grosslabels_affine,0.04031356164885479,-9.70073458669649e-14,0.04031356164875778
2018-11-30,A,ML_RF_longonly_costaware_5bps_grosslabels_affine,0.029965720280983352,-9.999999994044467e-05,0.029865720281042906
2018-12-31,A,ML_RF_longonly_costaware_5bps_grosslabels_affine,0.010323759409039273,-9.556244296000357e-13,0.010323759408083649
2019-01-31,A,ML_RF_longonly_costaware_5bps_grosslabels_affine,-0.07046123261574146,-2.547456134077133e-13,-0.0704612326159962
2019-02-28,A,ML_RF_longonly_costaware_5bps_grosslabels_affine,-0.12457594814373564,-0.0001000000002163842,-0.12467594814395203
2019-03-31,A,ML_RF_longonly_costaware_5bps_grosslabels_affine,0.1430484091813612,-0.00010000000023142529,0.14294840918112978
2019-04-30,A,ML_RF_longonly_costaware_5bps_grosslabels_affine,0.06145685198299583,-0.00010000000006547087,0.06135685198293036
2019-05-31,A,ML_RF_longonly_costaware_5bps_grosslabels_affine,0.0503661114250843,-5.625129768049381e-13,0.050366111424521784
2019-06-30,A,ML_RF_longonly_costaware_5bps_grosslabels_affine,0.06567088653711885,-5.491214193528217e-13,0.06567088653656973
2019-07-31,A,ML_RF_longonly_costaware_5bps_grosslabels_affine,0.09520865312203299,-9.999999836756149e-05,0.09510865312366543
2019-08-31,A,ML_RF_longonly_costaware_5bps_grosslabels_affine,-0.04526627031149496,-0.00010000000003165266,-0.04536627031152661
2019-09-30,A,ML_RF_longonly_costaware_5bps_grosslabels_affine,-0.019114664583103985,-4.3429978471316785e-12,-0.019114664587446983
2019-10-31,A,ML_RF_longonly_costaware_5bps_grosslabels_affine,0.12624090625416082,-3.140054389773199e-13,0.12624090625384682
2019-11-30,A,ML_RF_longonly_costaware_5bps_grosslabels_affine,0.052703097037805104,-1.297370785093239e-11,0.0527030970248314
2019-12-31,A,ML_RF_longonly_costaware_5bps_grosslabels_affine,-0.005668768934493463,-9.999998678951551e-05,-0.005768768921282978
2020-01-31,A,ML_RF_longonly_costaware_5bps_grosslabels_affine,0.006610893458517192,-6.689807911639112e-13,0.006610893457848211
2020-02-29,A,ML_RF_longonly_costaware_5bps_grosslabels_affine,0.023013822324819626,-6.264199377206212e-14,0.023013822324756985
2020-03-31,A,ML_RF_longonly_costaware_5bps_grosslabels_affine,0.05518044229423135,-1.1527793597429892e-14,0.055180442294219825
2020-04-30,A,ML_RF_longonly_costaware_5bps_grosslabels_affine,-0.003871022123486674,-1.0609693728225298e-14,-0.0038710221234972836
2020-05-31,A,ML_RF_longonly_costaware_5bps_grosslabels_affine,0.03732454920894667,-1.3060443421025495e-14,0.03732454920893361
2020-06-30,A,ML_RF_longonly_costaware_5bps_grosslabels_affine,0.024043587735587665,-1.622120935911285e-13,0.024043587735425455
2020-07-31,A,ML_RF_longonly_costaware_5bps_grosslabels_affine,0.03407915881364377,-7.20962338675059e-15,0.03407915881363656
2020-08-31,A,ML_RF_longonly_costaware_5bps_grosslabels_affine,-0.051644285949021845,-3.262910809399128e-14,-0.05164428594905447
2020-09-30,A,ML_RF_longonly_costaware_5bps_grosslabels_affine,0.07938183603330302,-9.999999997110182e-05,0.07928183603333193
2020-10-31,A,ML_RF_longonly_costaware_5bps_grosslabels_affine,-0.00812187737631194,-9.999999998527823e-05,-0.008221877376297218
2020-11-30,A,ML_RF_longonly_costaware_5bps_grosslabels_affine,0.023438554245922144,-7.976534612740447e-12,0.023438554237945608
2020-12-31,A,ML_RF_longonly_costaware_5bps_grosslabels_affine,-0.07902877613339233,-7.98862863872208e-12,-0.07902877614138096
2021-01-31,A,ML_RF_longonly_costaware_5bps_grosslabels_affine,-0.035343587302564275,-3.184157586244621e-13,-0.035343587302882694
2021-02-28,A,ML_RF_longonly_costaware_5bps_grosslabels_affine,0.04520968197038202,-5.562253654174105e-14,0.0452096819703264
2021-03-31,A,ML_RF_longonly_costaware_5bps_grosslabels_affine,-0.1063598378226184,-4.034311237737403e-15,-0.10635983782262244
2021-04-30,A,ML_RF_longonly_costaware_5bps_grosslabels_affine,-0.00844805737929981,-4.889873217055297e-15,-0.0084480573793047
2021-05-31,A,ML_RF_longonly_costaware_5bps_grosslabels_affine,-0.07393374771298449,-2.6047903537471254e-11,-0.07393374773903238
2021-06-30,A,ML_RF_longonly_costaware_5bps_grosslabels_affine,0.10489155894247369,-9.99999742588924e-05,0.10479155896821479
2021-07-31,A,ML_RF_longonly_costaware_5bps_grosslabels_affine,-0.04604291210240251,-3.312803860534771e-14,-0.046042912102435635
2021-08-31,A,ML_RF_longonly_costaware_5bps_grosslabels_affine,-0.09627223243293309,-2.2301594719470242e-14,-0.09627223243295539
2021-09-30,A,ML_RF_longonly_costaware_5bps_grosslabels_affine,0.05593288576438912,-9.999999998499569e-05,0.05583288576440413
2021-10-31,A,ML_RF_longonly_costaware_5bps_grosslabels_affine,0.05374192594580397,-0.00019999999990540863,0.053541925945898565
2021-11-30,A,ML_RF_longonly_costaware_5bps_grosslabels_affine,-0.06201737181096041,-1.7583203863411375e-13,-0.06201737181113624
2021-12-31,A,ML_RF_longonly_costaware_5bps_grosslabels_affine,0.05907224794725316,-1.9957200367653974e-14,0.0590722479472332
2022-01-31,A,ML_RF_longonly_costaware_5bps_grosslabels_affine,-0.02340829581914581,-1.2689997218897958e-11,-0.023408295831835808
2022-02-28,A,ML_RF_longonly_costaware_5bps_grosslabels_affine,0.06504042764550674,-9.999998759090119e-05,0.06494042765791584
2022-03-31,A,ML_RF_longonly_costaware_5bps_grosslabels_affine,0.00961282184904932,-2.840145019002539e-14,0.009612821849020918
2022-04-30,A,ML_RF_longonly_costaware_5bps_grosslabels_affine,0.03302342380495185,-1.3218727707752563e-14,0.03302342380493863
2022-05-31,A,ML_RF_longonly_costaware_5bps_grosslabels_affine,0.06129814303480978,-3.900878591891688e-14,0.06129814303477077
2022-06-30,A,ML_RF_longonly_costaware_5bps_grosslabels_affine,0.03316382182080464,-1.3931238729709648e-14,0.03316382182079071
2022-07-31,A,ML_RF_longonly_costaware_5bps_grosslabels_affine,-0.011190051976210515,-1.5671690067505922e-15,-0.011190051976212081
2022-08-31,A,ML_RF_longonly_costaware_5bps_grosslabels_affine,-0.04886075805180215,-7.999284975848319e-16,-0.04886075805180295
2022-09-30,A,ML_RF_longonly_costaware_5bps_grosslabels_affine,-0.01751120068195774,-8.405641339067907e-15,-0.017511200681966148
2022-10-31,A,ML_RF_longonly_costaware_5bps_grosslabels_affine,0.0966977539868277,-7.053054715350764e-15,0.09669775398682065
2022-11-30,A,ML_RF_longonly_costaware_5bps_grosslabels_affine,0.046211597765246325,-5.7997314096823855e-15,0.046211597765240524
2022-12-31,A,ML_RF_longonly_costaware_5bps_grosslabels_affine,0.018440717546768327,-7.10430233384123e-15,0.018440717546761222
2023-01-31,A,ML_RF_longonly_costaware_5bps_grosslabels_affine,0.05441180866834679,-4.939715544760186e-15,0.054411808668341846
2023-02-28,A,ML_RF_longonly_costaware_5bps_grosslabels_affine,0.020447683663550677,-9.22077679128335e-15,0.020447683663541456
2023-03-31,A,ML_RF_longonly_costaware_5bps_grosslabels_affine,-0.041753653571962666,-2.4714144647966644e-15,-0.04175365357196514
2023-04-30,A,ML_RF_longonly_costaware_5bps_grosslabels_affine,0.05535517506505712,-3.8563081328204815e-15,0.05535517506505326
2023-05-31,A,ML_RF_longonly_costaware_5bps_grosslabels_affine,0.049073643485880766,-8.021622720009214e-16,0.04907364348587996
2023-06-30,A,ML_RF_longonly_costaware_5bps_grosslabels_affine,-1.4410418957752462e-05,-4.537199034698814e-16,-1.4410418958206182e-05
2023-07-31,A,ML_RF_longonly_costaware_5bps_grosslabels_affine,0.024961793372595343,-3.125772439394835e-15,0.024961793372592217
2023-08-31,A,ML_RF_longonly_costaware_5bps_grosslabels_affine,0.018428189508589706,-1.5504612878769074e-15,0.018428189508588155
2023-09-30,A,ML_RF_longonly_costaware_5bps_grosslabels_affine,-0.009141454191343771,-1.8320984337555524e-15,-0.009141454191345603
2023-10-31,A,ML_RF_longonly_costaware_5bps_grosslabels_affine,0.05720062178786436,-9.217330635057455e-16,0.057200621787863434
2023-11-30,A,ML_RF_longonly_costaware_5bps_grosslabels_affine,-0.015653280413347955,-4.706359447006201e-13,-0.015653280413818593
2023-12-31,A,ML_RF_longonly_costaware_5bps_grosslabels_affine,0.02420060646318622,-1.2238498316163628e-13,0.024200606463063837
2024-01-31,A,ML_RF_longonly_costaware_5bps_grosslabels_affine,-0.015285501245857862,-2.6333156032774353e-13,-0.015285501246121193
2024-02-29,A,ML_RF_longonly_costaware_5bps_grosslabels_affine,-0.06115600388086423,-3.839892854753909e-13,-0.06115600388124822
2024-03-31,A,ML_RF_longonly_costaware_5bps_grosslabels_affine,0.007762889422490104,-9.999999930130227e-05,0.007662889423188802
2024-04-30,A,ML_RF_longonly_costaware_5bps_grosslabels_affine,0.069577779750247,-8.886152321871231e-14,0.06957777975015814
2024-05-31,A,ML_RF_longonly_costaware_5bps_grosslabels_affine,0.04250692496871546,-2.8909325799823454e-14,0.04250692496868655
2024-06-30,A,ML_RF_longonly_costaware_5bps_grosslabels_affine,0.012107577137662617,-2.255094300778048e-15,0.012107577137660362
2024-07-31,A,ML_RF_longonly_costaware_5bps_grosslabels_affine,0.015841636137733806,-4.023259722430733e-15,0.01584163613772978
2024-08-31,A,ML_RF_longonly_costaware_5bps_grosslabels_affine,0.01737452051727103,-1.0559345125318922e-15,0.017374520517269974
2024-09-30,A,ML_RF_longonly_costaware_5bps_grosslabels_affine,0.0,-8.318036749047376e-15,-8.318036749047376e-15
2008-10-31,B,ML_RF_longonly_costaware_5bps_grosslabels_affine,0.04114748189320951,-0.00025000000000000006,0.04089748189320951
2008-11-30,B,ML_RF_longonly_costaware_5bps_grosslabels_affine,-0.009502609512219215,-0.00019999999921373014,-0.009702609511432946
2008-12-31,B,ML_RF_longonly_costaware_5bps_grosslabels_affine,-0.06951599558635245,-9.99999986472017e-05,-0.06961599558499965
2009-01-31,B,ML_RF_longonly_costaware_5bps_grosslabels_affine,-0.005734113000953756,-9.999999992973217e-05,-0.005834113000883488
2009-02-28,B,ML_RF_longonly_costaware_5bps_grosslabels_affine,0.06347850270047209,-0.0001999999999645034,0.06327850270050758
2009-03-31,B,ML_RF_longonly_costaware_5bps_grosslabels_affine,-0.015875949508095046,-0.00010000000120645,-0.015975949509301497
2009-04-30,B,ML_RF_longonly_costaware_5bps_grosslabels_affine,-0.11896114244670947,-0.00010000000049263458,-0.1190611424472021
2009-05-31,B,ML_RF_longonly_costaware_5bps_grosslabels_affine,-0.0001900211696653618,-9.999999914533896e-05,-0.0002900211688107008
2009-06-30,B,ML_RF_longonly_costaware_5bps_grosslabels_affine,0.06275208971192331,-0.0003000000000124869,0.062452089711910824
2009-07-31,B,ML_RF_longonly_costaware_5bps_grosslabels_affine,-0.07282942930462794,-0.00039999999989017213,-0.0732294293045181
2009-08-31,B,ML_RF_longonly_costaware_5bps_grosslabels_affine,0.07446171963043641,-0.00039999999781477493,0.07406171963262163
2009-09-30,B,ML_RF_longonly_costaware_5bps_grosslabels_affine,0.03627616749297853,-0.0003999999976572018,0.035876167495321326
2009-10-31,B,ML_RF_longonly_costaware_5bps_grosslabels_affine,-0.05282073527010376,-0.0002000000011477097,-0.05302073527125147
2009-11-30,B,ML_RF_longonly_costaware_5bps_grosslabels_affine,0.08894243088832177,-0.00010000000124744508,0.08884243088707432
2009-12-31,B,ML_RF_longonly_costaware_5bps_grosslabels_affine,0.023689976739309258,-4.1182516190259754e-13,0.02368997673889743
2010-01-31,B,ML_RF_longonly_costaware_5bps_grosslabels_affine,0.026879282112313763,-9.999999783091959e-05,0.026779282114482845
2010-02-28,B,ML_RF_longonly_costaware_5bps_grosslabels_affine,-0.00993862511568267,-0.00010000000066506393,-0.010038625116347734
2010-03-31,B,ML_RF_longonly_costaware_5bps_grosslabels_affine,0.049873027050260074,-0.0003999999994919939,0.04947302705076808
2010-04-30,B,ML_RF_longonly_costaware_5bps_grosslabels_affine,-0.022821955124677884,-0.00029999999974859084,-0.023121955124426476
2010-05-31,B,ML_RF_longonly_costaware_5bps_grosslabels_affine,-0.027339985447612847,-0.0001000000000737534,-0.0274399854476866
2010-06-30,B,ML_RF_longonly_costaware_5bps_grosslabels_affine,-0.016212821504976587,-0.00030000000002393374,-0.01651282150500052
2010-07-31,B,ML_RF_longonly_costaware_5bps_grosslabels_affine,-0.10530612826510988,-0.00030000000023057237,-0.10560612826534045
2010-08-31,B,ML_RF_longonly_costaware_5bps_grosslabels_affine,-0.12031452783017196,-0.00019999999994855296,-0.12051452783012051
2010-09-30,B,ML_RF_longonly_costaware_5bps_grosslabels_affine,0.13152828613496106,-0.00010000000003878906,0.13142828613492227
2010-10-31,B,ML_RF_longonly_costaware_5bps_grosslabels_affine,-0.03619627084790799,-0.00020000000010035013,-0.03639627084800834
2010-11-30,B,ML_RF_longonly_costaware_5bps_grosslabels_affine,-0.016121717382456272,-2.7421808589785604e-13,-0.01612171738273049
2010-12-31,B,ML_RF_longonly_costaware_5bps_grosslabels_affine,0.05746924957979938,-5.940541612810078e-14,0.05746924957973998
2011-01-31,B,ML_RF_longonly_costaware_5bps_grosslabels_affine,0.06126998722496771,-3.621440823332881e-15,0.06126998722496409
2011-02-28,B,ML_RF_longonly_costaware_5bps_grosslabels_affine,0.005677615776165608,-5.79079276674794e-14,0.0056776157761077
2011-03-31,B,ML_RF_longonly_costaware_5bps_grosslabels_affine,-0.018216148485154172,-5.7046903884067e-14,-0.01821614848521122
2011-04-30,B,ML_RF_longonly_costaware_5bps_grosslabels_affine,-0.12126241156017521,-9.99999999139159e-05,-0.12136241156008913
2011-05-31,B,ML_RF_longonly_costaware_5bps_grosslabels_affine,0.06992207409883906,-8.193471961618314e-14,0.06992207409875713
2011-06-30,B,ML_RF_longonly_costaware_5bps_grosslabels_affine,0.021317742095514094,-4.333526909209338e-15,0.02131774209550976
2011-07-31,B,ML_RF_longonly_costaware_5bps_grosslabels_affine,0.02991195730563835,-1.457875308701474e-15,0.029911957305636894
2011-08-31,B,ML_RF_longonly_costaware_5bps_grosslabels_affine,0.03825063984310999,-4.607790082345697e-16,0.03825063984310953
2011-09-30,B,ML_RF_longonly_costaware_5bps_grosslabels_affine,0.008554461458015432,-1.8753747624750628e-15,0.008554461458013557
2011-10-31,B,ML_RF_longonly_costaware_5bps_grosslabels_affine,0.0267957005092511,-7.032780818750038e-16,0.026795700509250394
2011-11-30,B,ML_RF_longonly_costaware_5bps_grosslabels_affine,0.04037609811835114,-1.5937630177140402e-15,0.040376098118349545
2011-12-31,B,ML_RF_longonly_costaware_5bps_grosslabels_affine,0.04914048013330731,-2.1307197685288467e-16,0.049140480133307095
2012-01-31,B,ML_RF_longonly_costaware_5bps_grosslabels_affine,-0.018132148648060262,-3.221969223570623e-12,-0.01813214865128223
2012-02-29,B,ML_RF_longonly_costaware_5bps_grosslabels_affine,0.007610963570386046,-2.1949943777121364e-12,0.007610963568191052
2012-03-31,B,ML_RF_longonly_costaware_5bps_grosslabels_affine,0.034644940447373276,-4.495881063866304e-14,0.03464494044732832
2012-04-30,B,ML_RF_longonly_costaware_5bps_grosslabels_affine,-0.002316003056748609,-5.156754137646418e-14,-0.0023160030568001766
2012-05-31,B,ML_RF_longonly_costaware_5bps_grosslabels_affine,-0.040615408687304407,-1.7939780442483395e-13,-0.040615408687483805
2012-06-30,B,ML_RF_longonly_costaware_5bps_grosslabels_affine,0.07640590523497064,-9.999999870630783e-05,0.07630590523626433
2012-07-31,B,ML_RF_longonly_costaware_5bps_grosslabels_affine,-0.019985220860545754,-4.8347028880134695e-14,-0.0199852208605941
2012-08-31,B,ML_RF_longonly_costaware_5bps_grosslabels_affine,0.06607768570559812,-3.990556233580427e-15,0.06607768570559412
2012-09-30,B,ML_RF_longonly_costaware_5bps_grosslabels_affine,0.03426000847196357,-1.7701985974058026e-15,0.0342600084719618
2012-10-31,B,ML_RF_longonly_costaware_5bps_grosslabels_affine,0.013648863426885127,-1.3223491917091088e-15,0.013648863426883805
2012-11-30,B,ML_RF_longonly_costaware_5bps_grosslabels_affine,0.03378615924169494,-1.8151856904485643e-15,0.03378615924169312
2012-12-31,B,ML_RF_longonly_costaware_5bps_grosslabels_affine,-0.04940851352939795,-2.6912756740515e-15,-0.04940851352940064
2013-01-31,B,ML_RF_longonly_costaware_5bps_grosslabels_affine,0.0652804359507514,-3.911943424585368e-15,0.06528043595074749
2013-02-28,B,ML_RF_longonly_costaware_5bps_grosslabels_affine,-0.003890403745727691,-1.6698523377814838e-15,-0.003890403745729361
2013-03-31,B,ML_RF_longonly_costaware_5bps_grosslabels_affine,0.013306963078129008,-2.575164228811704e-14,0.013306963078103256
2013-04-30,B,ML_RF_longonly_costaware_5bps_grosslabels_affine,0.008530752502173864,-2.636898749486396e-14,0.008530752502147495
2013-05-31,B,ML_RF_longonly_costaware_5bps_grosslabels_affine,-0.003276551465621062,-3.541376444097433e-15,-0.0032765514656246035
2013-06-30,B,ML_RF_longonly_costaware_5bps_grosslabels_affine,-0.04553894851742364,-4.603730274549442e-15,-0.04553894851742824
2013-07-31,B,ML_RF_longonly_costaware_5bps_grosslabels_affine,0.008736566768518228,-2.1358084746954575e-11,0.008736566747160142
2013-08-31,B,ML_RF_longonly_costaware_5bps_grosslabels_affine,-0.03574285233038025,-8.885888295271802e-14,-0.03574285233046911
2013-09-30,B,ML_RF_longonly_costaware_5bps_grosslabels_affine,-0.012247595809360296,-2.079244904615465e-11,-0.012247595830152745
2013-10-31,B,ML_RF_longonly_costaware_5bps_grosslabels_affine,0.030120061556150886,-1.5042779027822613e-12,0.030120061554646606
2013-11-30,B,ML_RF_longonly_costaware_5bps_grosslabels_affine,-0.04251554723331426,-2.0581765236880766e-13,-0.04251554723352007
2013-12-31,B,ML_RF_longonly_costaware_5bps_grosslabels_affine,0.010732770995006755,-1.1398307397926149e-14,0.010732770994995356
2014-01-31,B,ML_RF_longonly_costaware_5bps_grosslabels_affine,0.06080210952981175,-2.2880133399586933e-15,0.06080210952980946
2014-02-28,B,ML_RF_longonly_costaware_5bps_grosslabels_affine,-0.0206969084538392,-1.5834817511657514e-15,-0.02069690845384078
2014-03-31,B,ML_RF_longonly_costaware_5bps_grosslabels_affine,0.029653075648705646,-4.1168163010467226e-15,0.029653075648701527
2014-04-30,B,ML_RF_longonly_costaware_5bps_grosslabels_affine,0.005957414640847883,-6.2139510183185924e-15,0.005957414640841669
2014-05-31,B,ML_RF_longonly_costaware_5bps_grosslabels_affine,-0.03407318602284491,-1.6821178354125841e-15,-0.03407318602284659
2014-06-30,B,ML_RF_longonly_costaware_5bps_grosslabels_affine,0.02265552602210516,-2.279318168768162e-15,0.02265552602210288
2014-07-31,B,ML_RF_longonly_costaware_5bps_grosslabels_affine,-0.06935031020521767,-8.602312162536464e-16,-0.06935031020521853
2014-08-31,B,ML_RF_longonly_costaware_5bps_grosslabels_affine,-0.0450825275971341,-4.0155153198294256e-16,-0.045082527597134506
2014-09-30,B,ML_RF_longonly_costaware_5bps_grosslabels_affine,0.06144352326340575,-2.618387927750316e-15,0.06144352326340313
2014-10-31,B,ML_RF_longonly_costaware_5bps_grosslabels_affine,-0.009191259700875046,-1.1288658958239235e-15,-0.009191259700876175
2014-11-30,B,ML_RF_longonly_costaware_5bps_grosslabels_affine,-0.028205851431369406,-5.710234541903122e-16,-0.02820585143136998
2014-12-31,B,ML_RF_longonly_costaware_5bps_grosslabels_affine,-0.05233202220772406,-1.3833159355578332e-15,-0.05233202220772544
2015-01-31,B,ML_RF_longonly_costaware_5bps_grosslabels_affine,-0.024796088908472225,-2.797940058103883e-15,-0.024796088908475022
2015-02-28,B,ML_RF_longonly_costaware_5bps_grosslabels_affine,0.07193556801806965,-8.993559871640007e-16,0.07193556801806875
2015-03-31,B,ML_RF_longonly_costaware_5bps_grosslabels_affine,0.024116292820231502,-4.0500330463909214e-15,0.024116292820227453
2015-04-30,B,ML_RF_longonly_costaware_5bps_grosslabels_affine,-0.008037452775387735,-1.2046444135532831e-15,-0.00803745277538894
2015-05-31,B,ML_RF_longonly_costaware_5bps_grosslabels_affine,-0.03425732525318081,-8.114684239502919e-16,-0.03425732525318162
2015-06-30,B,ML_RF_longonly_costaware_5bps_grosslabels_affine,0.033082748895036214,-3.648391954095073e-15,0.033082748895032564
2015-07-31,B,ML_RF_longonly_costaware_5bps_grosslabels_affine,0.01644238589810958,-2.002512667179806e-14,0.016442385898089554
2015-08-31,B,ML_RF_longonly_costaware_5bps_grosslabels_affine,0.009139227067273327,-3.0673677396153652e-15,0.00913922706727026
2015-09-30,B,ML_RF_longonly_costaware_5bps_grosslabels_affine,-0.038582923414417734,-2.0414699657262733e-14,-0.03858292341443815
2015-10-31,B,ML_RF_longonly_costaware_5bps_grosslabels_affine,-0.020611935428732863,-2.206751743068448e-12,-0.020611935430939615
2015-11-30,B,ML_RF_longonly_costaware_5bps_grosslabels_affine,0.045314635357432055,-3.152982946269864e-13,0.04531463535711676
2015-12-31,B,ML_RF_longonly_costaware_5bps_grosslabels_affine,0.03856145214656911,-1.7055859870647508e-12,0.03856145214486352
2016-01-31,B,ML_RF_longonly_costaware_5bps_grosslabels_affine,0.009510595682422835,-2.100729724236828e-12,0.009510595680322106
2016-02-29,B,ML_RF_longonly_costaware_5bps_grosslabels_affine,0.03800873994195871,-1.367916439073566e-12,0.03800873994059079
2016-03-31,B,ML_RF_longonly_costaware_5bps_grosslabels_affine,0.03695956717226075,-6.0088496226630916e-12,0.03695956716625191
2016-04-30,B,ML_RF_longonly_costaware_5bps_grosslabels_affine,0.04375694700046801,-4.90643833843368e-12,0.043756946995561576
2016-05-31,B,ML_RF_longonly_costaware_5bps_grosslabels_affine,-0.0008223933191317816,-6.909691086090074e-13,-0.0008223933198227507
2016-06-30,B,ML_RF_longonly_costaware_5bps_grosslabels_affine,0.022449883278053872,-6.051442113776935e-13,0.022449883277448728
2016-07-31,B,ML_RF_longonly_costaware_5bps_grosslabels_affine,0.00044339276016679596,-9.356085774468827e-13,0.0004433927592311874
2016-08-31,B,ML_RF_longonly_costaware_5bps_grosslabels_affine,0.03260252487135785,-8.578885052144407e-13,0.03260252487049996
2016-09-30,B,ML_RF_longonly_costaware_5bps_grosslabels_affine,0.0026004381853852545,-2.0355315188376183e-13,0.002600438185181701
2016-10-31,B,ML_RF_longonly_costaware_5bps_grosslabels_affine,-0.004973103983630013,-1.1047735199987211e-14,-0.0049731039836410605
2016-11-30,B,ML_RF_longonly_costaware_5bps_grosslabels_affine,0.013211648290243579,-1.2597690958099698e-14,0.013211648290230981
2016-12-31,B,ML_RF_longonly_costaware_5bps_grosslabels_affine,0.05257892610731372,-2.0637897925318797e-11,0.05257892608667582
2017-01-31,B,ML_RF_longonly_costaware_5bps_grosslabels_affine,-0.06239316347513298,-4.867047918243952e-13,-0.06239316347561969
2017-02-28,B,ML_RF_longonly_costaware_5bps_grosslabels_affine,-0.006681397501592748,-9.288733415820706e-14,-0.006681397501685635
2017-03-31,B,ML_RF_longonly_costaware_5bps_grosslabels_affine,0.006572000301731928,-9.712359043205279e-14,0.0065720003016348045
2017-04-30,B,ML_RF_longonly_costaware_5bps_grosslabels_affine,-0.018324519267814202,-1.9204198127913036e-13,-0.018324519268006243
2017-05-31,B,ML_RF_longonly_costaware_5bps_grosslabels_affine,-0.012645724268268233,-8.069235762202872e-14,-0.012645724268348925
2017-06-30,B,ML_RF_longonly_costaware_5bps_grosslabels_affine,0.043647084489050726,-2.7572773794503582e-14,0.04364708448902315
2017-07-31,B,ML_RF_longonly_costaware_5bps_grosslabels_affine,-0.022401515669003405,-7.594300905332593e-14,-0.022401515669079348
2017-08-31,B,ML_RF_longonly_costaware_5bps_grosslabels_affine,5.901163224928282e-05,-3.0311465940408218e-12,5.901162921813623e-05
2017-09-30,B,ML_RF_longonly_costaware_5bps_grosslabels_affine,-0.07650204508915863,-7.61169522010445e-13,-0.0765020450899198
2017-10-31,B,ML_RF_longonly_costaware_5bps_grosslabels_affine,-0.0014172519561569516,-1.0760312260023574e-12,-0.0014172519572329828
2017-11-30,B,ML_RF_longonly_costaware_5bps_grosslabels_affine,-0.050719696518639806,-5.420265832792558e-13,-0.05071969651918183
2017-12-31,B,ML_RF_longonly_costaware_5bps_grosslabels_affine,0.06399201423296906,-1.8469994186640983e-13,0.06399201423278436
2018-01-31,B,ML_RF_longonly_costaware_5bps_grosslabels_affine,0.029696701381821913,-1.530312072108606e-13,0.029696701381668883
2018-02-28,B,ML_RF_longonly_costaware_5bps_grosslabels_affine,0.006632054667261106,-6.663459041905758e-14,0.006632054667194472
2018-03-31,B,ML_RF_longonly_costaware_5bps_grosslabels_affine,0.04875366398439143,-9.708442505615831e-14,0.04875366398429435
2018-04-30,B,ML_RF_longonly_costaware_5bps_grosslabels_affine,-0.058628280862612445,-4.559553759346046e-13,-0.0586282808630684
2018-05-31,B,ML_RF_longonly_costaware_5bps_grosslabels_affine,0.06779913462642274,-6.390744595758005e-13,0.06779913462578367
2018-06-30,B,ML_RF_longonly_costaware_5bps_grosslabels_affine,-0.026307573255131868,-7.958190929255698e-13,-0.026307573255927686
2018-07-31,B,ML_RF_longonly_costaware_5bps_grosslabels_affine,-0.017833202683819084,-6.969266348433205e-13,-0.01783320268451601
2018-08-31,B,ML_RF_longonly_costaware_5bps_grosslabels_affine,0.02638919276469448,-3.036383310336969e-12,0.026389192761658097
2018-09-30,B,ML_RF_longonly_costaware_5bps_grosslabels_affine,0.041868666805995956,-1.1063173444314847e-12,0.04186866680488964
2018-10-31,B,ML_RF_longonly_costaware_5bps_grosslabels_affine,0.011996467298151927,-1.2502157500831885e-12,0.011996467296901712
2018-11-30,B,ML_RF_longonly_costaware_5bps_grosslabels_affine,0.041481603264386394,-4.4594956377294754e-13,0.041481603263940445
2018-12-31,B,ML_RF_longonly_costaware_5bps_grosslabels_affine,-0.026310790637843577,-7.156936421341821e-13,-0.026310790638559272
2019-01-31,B,ML_RF_longonly_costaware_5bps_grosslabels_affine,-0.0746494725399056,-1.8777244132172196e-12,-0.07464947254178332
2019-02-28,B,ML_RF_longonly_costaware_5bps_grosslabels_affine,-0.14353333556557196,-9.999998860395722e-05,-0.14363333555417593
2019-03-31,B,ML_RF_longonly_costaware_5bps_grosslabels_affine,0.0745098261327062,-8.208318901821103e-13,0.07450982613188536
2019-04-30,B,ML_RF_longonly_costaware_5bps_grosslabels_affine,0.07410313604230984,-9.109068322751722e-14,0.07410313604221874
2019-05-31,B,ML_RF_longonly_costaware_5bps_grosslabels_affine,0.04768414240939077,-1.1501148650787825e-13,0.04768414240927576
2019-06-30,B,ML_RF_longonly_costaware_5bps_grosslabels_affine,0.04993874367380779,-9.999999997530267e-05,0.04983874367383249
2019-07-31,B,ML_RF_longonly_costaware_5bps_grosslabels_affine,0.043930464895336634,-9.999999999829117e-05,0.043830464895338345
2019-08-31,B,ML_RF_longonly_costaware_5bps_grosslabels_affine,-0.015974558631439602,-1.1218465435615982e-14,-0.015974558631450822
2019-09-30,B,ML_RF_longonly_costaware_5bps_grosslabels_affine,-0.06255684651324565,-0.0001000000003333426,-0.062656846513579
2019-10-31,B,ML_RF_longonly_costaware_5bps_grosslabels_affine,0.14338104638561516,-9.999999990096998e-05,0.1432810463857142
2019-11-30,B,ML_RF_longonly_costaware_5bps_grosslabels_affine,0.04926047064158634,-0.00010000000001609325,0.049160470641570246
2019-12-31,B,ML_RF_longonly_costaware_5bps_grosslabels_affine,-0.00035265670394744143,-2.239770979183601e-14,-0.00035265670396983915
2020-01-31,B,ML_RF_longonly_costaware_5bps_grosslabels_affine,0.019143104015991584,-2.816427360634212e-14,0.01914310401596342
2020-02-29,B,ML_RF_longonly_costaware_5bps_grosslabels_affine,0.046735757433639696,-2.842115080780831e-14,0.046735757433611275
2020-03-31,B,ML_RF_longonly_costaware_5bps_grosslabels_affine,0.039343748642565,-8.652303358096494e-15,0.039343748642556346
2020-04-30,B,ML_RF_longonly_costaware_5bps_grosslabels_affine,0.03973187405523526,-3.5105998625338006e-14,0.03973187405520016
2020-05-31,B,ML_RF_longonly_costaware_5bps_grosslabels_affine,-0.009844009290992073,-0.00010000000003181893,-0.009944009291023893
2020-06-30,B,ML_RF_longonly_costaware_5bps_grosslabels_affine,0.02477258709736431,-6.496508267737756e-14,0.024772587097299344
2020-07-31,B,ML_RF_longonly_costaware_5bps_grosslabels_affine,0.01840291259128037,-1.1563461224860306e-14,0.018402912591268805
2020-08-31,B,ML_RF_longonly_costaware_5bps_grosslabels_affine,-0.06627165519508413,-9.999999999872375e-05,-0.06637165519508285
2020-09-30,B,ML_RF_longonly_costaware_5bps_grosslabels_affine,0.05439717564539219,-9.99999999969053e-05,0.05429717564539528
2020-10-31,B,ML_RF_longonly_costaware_5bps_grosslabels_affine,-0.0463401433244906,-4.1119129614526626e-14,-0.04634014332453172
2020-11-30,B,ML_RF_longonly_costaware_5bps_grosslabels_affine,0.04897923095182022,-1.300696653161679e-14,0.04897923095180721
2020-12-31,B,ML_RF_longonly_costaware_5bps_grosslabels_affine,-0.05774439007186416,-5.767165950046532e-15,-0.057744390071869926
2021-01-31,B,ML_RF_longonly_costaware_5bps_grosslabels_affine,-0.07070817612607855,-4.019075735365105e-14,-0.07070817612611874
2021-02-28,B,ML_RF_longonly_costaware_5bps_grosslabels_affine,0.003524881363509684,-1.0834438961756329e-13,0.0035248813634013395
2021-03-31,B,ML_RF_longonly_costaware_5bps_grosslabels_affine,-0.06501940510634069,-9.999999850788509e-05,-0.06511940510484858
2021-04-30,B,ML_RF_longonly_costaware_5bps_grosslabels_affine,0.01535633878505656,-1.7838134674097035e-12,0.015356338783272748
2021-05-31,B,ML_RF_longonly_costaware_5bps_grosslabels_affine,-0.09825560100618641,-2.9329669773221143e-13,-0.0982556010064797
2021-06-30,B,ML_RF_longonly_costaware_5bps_grosslabels_affine,0.055895670982161735,-9.999999987620115e-05,0.055795670982285536
2021-07-31,B,ML_RF_longonly_costaware_5bps_grosslabels_affine,-0.08379271000153496,-9.999999912576957e-05,-0.08389271000066073
2021-08-31,B,ML_RF_longonly_costaware_5bps_grosslabels_affine,-0.09376218983227186,-2.428414535177234e-13,-0.0937621898325147
2021-09-30,B,ML_RF_longonly_costaware_5bps_grosslabels_affine,0.07487728778495885,-1.2904901054888924e-12,0.07487728778366835
2021-10-31,B,ML_RF_longonly_costaware_5bps_grosslabels_affine,0.13718048333133787,-3.7242157432531985e-13,0.13718048333096544
2021-11-30,B,ML_RF_longonly_costaware_5bps_grosslabels_affine,-0.023850597110077257,-4.903505891651839e-13,-0.02385059711056761
2021-12-31,B,ML_RF_longonly_costaware_5bps_grosslabels_affine,0.10116810286872666,-0.00010000000009702813,0.10106810286862963
2022-01-31,B,ML_RF_longonly_costaware_5bps_grosslabels_affine,-0.022467989931659396,-6.74722941869717e-13,-0.02246798993233412
2022-02-28,B,ML_RF_longonly_costaware_5bps_grosslabels_affine,0.022371945406130734,-9.999999986716975e-05,0.022271945406263566
2022-03-31,B,ML_RF_longonly_costaware_5bps_grosslabels_affine,0.038916322664795,-9.99999977341684e-05,0.03881632266706083
2022-04-30,B,ML_RF_longonly_costaware_5bps_grosslabels_affine,-0.04455456236892113,-1.0012193273823178e-12,-0.04455456236992235
2022-05-31,B,ML_RF_longonly_costaware_5bps_grosslabels_affine,0.03925345639893545,-0.00010000000234229573,0.03915345639659316
2022-06-30,B,ML_RF_longonly_costaware_5bps_grosslabels_affine,0.02745600964468027,-9.999999996197689e-05,0.027356009644718293
2022-07-31,B,ML_RF_longonly_costaware_5bps_grosslabels_affine,-0.04680098130254039,-4.51021031398141e-13,-0.04680098130299141
2022-08-31,B,ML_RF_longonly_costaware_5bps_grosslabels_affine,-0.05242509031085898,-1.8970491839260085e-13,-0.05242509031104868
2022-09-30,B,ML_RF_longonly_costaware_5bps_grosslabels_affine,-0.030364697941457717,-0.00010000000000340731,-0.030464697941461123
2022-10-31,B,ML_RF_longonly_costaware_5bps_grosslabels_affine,0.09198812481999613,-1.523683811124583e-14,0.0919881248199809
2022-11-30,B,ML_RF_longonly_costaware_5bps_grosslabels_affine,0.055261271217055444,-4.915401198844183e-11,0.05526127116790143
2022-12-31,B,ML_RF_longonly_costaware_5bps_grosslabels_affine,-0.015708289764075165,-9.99999971499313e-05,-0.015808289761225097
2023-01-31,B,ML_RF_longonly_costaware_5bps_grosslabels_affine,0.027900885872586472,-9.999997008449497e-05,0.027800885902501977
2023-02-28,B,ML_RF_longonly_costaware_5bps_grosslabels_affine,0.03375184140215357,-3.025559417743658e-11,0.033751841371897975
2023-03-31,B,ML_RF_longonly_costaware_5bps_grosslabels_affine,-0.029551539777046887,-1.0295442912395716e-13,-0.029551539777149843
2023-04-30,B,ML_RF_longonly_costaware_5bps_grosslabels_affine,0.06714423044309613,-9.999999998382958e-05,0.0670442304431123
2023-05-31,B,ML_RF_longonly_costaware_5bps_grosslabels_affine,-0.024966670552155772,-1.0279430727373738e-13,-0.024966670552258565
2023-06-30,B,ML_RF_longonly_costaware_5bps_grosslabels_affine,0.019002771660072765,-3.0828622161796617e-14,0.019002771660041936
2023-07-31,B,ML_RF_longonly_costaware_5bps_grosslabels_affine,0.03750811157882023,-4.1137215778950105e-15,0.03750811157881612
2023-08-31,B,ML_RF_longonly_costaware_5bps_grosslabels_affine,0.005286958300563859,-1.8564851184740582e-15,0.005286958300562003
2023-09-30,B,ML_RF_longonly_costaware_5bps_grosslabels_affine,-0.06324293377145905,-0.00010000000038830562,-0.06334293377184735
2023-10-31,B,ML_RF_longonly_costaware_5bps_grosslabels_affine,-0.023079882758245115,-9.999999998780997e-05,-0.023179882758232927
2023-11-30,B,ML_RF_longonly_costaware_5bps_grosslabels_affine,-0.026380600108767315,-3.9969319458075577e-13,-0.02638060010916701
2023-12-31,B,ML_RF_longonly_costaware_5bps_grosslabels_affine,0.06850784410849917,-2.645797998926442e-14,0.06850784410847272
2024-01-31,B,ML_RF_longonly_costaware_5bps_grosslabels_affine,0.04059705639786646,-0.00010000000011684609,0.040497056397749615
2024-02-29,B,ML_RF_longonly_costaware_5bps_grosslabels_affine,0.0016718094398797598,-2.9283822741474855e-13,0.0016718094395869216
2024-03-31,B,ML_RF_longonly_costaware_5bps_grosslabels_affine,0.04017125900215987,-9.929939193350935e-14,0.04017125900206057
2024-04-30,B,ML_RF_longonly_costaware_5bps_grosslabels_affine,0.051654744921849585,-5.735085669542403e-13,0.05165474492127608
2024-05-31,B,ML_RF_longonly_costaware_5bps_grosslabels_affine,0.026699507853205375,-3.334258414140257e-13,0.02669950785287195
2024-06-30,B,ML_RF_longonly_costaware_5bps_grosslabels_affine,-0.03293669603054961,-1.3571572914662264e-13,-0.03293669603068533
2024-07-31,B,ML_RF_longonly_costaware_5bps_grosslabels_affine,0.04068494250486835,-8.925618248873386e-14,0.040684942504779095
2024-08-31,B,ML_RF_longonly_costaware_5bps_grosslabels_affine,0.007745226934669898,-2.3441238774367474e-13,0.007745226934435486
2024-09-30,B,ML_RF_longonly_costaware_5bps_grosslabels_affine,0.0,-1.1639304250182993e-13,-1.1639304250182993e-13
2008-10-31,C,ML_RF_longonly_costaware_5bps_grosslabels_affine,0.0347246231270094,-0.00025,0.0344746231270094
2008-11-30,C,ML_RF_longonly_costaware_5bps_grosslabels_affine,0.010152257098238535,-4.2375686293283364e-15,0.010152257098234297
2008-12-31,C,ML_RF_longonly_costaware_5bps_grosslabels_affine,-0.055258882147947254,-2.2614896066919245e-15,-0.055258882147949516
2009-01-31,C,ML_RF_longonly_costaware_5bps_grosslabels_affine,-0.00552229524033143,-7.292083603616107e-17,-0.005522295240331503
2009-02-28,C,ML_RF_longonly_costaware_5bps_grosslabels_affine,-0.0024523958274770725,-1.0367973840574863e-14,-0.0024523958274874406
2009-03-31,C,ML_RF_longonly_costaware_5bps_grosslabels_affine,0.009618835824132225,-4.99999999537694e-05,0.009568835824178456
2009-04-30,C,ML_RF_longonly_costaware_5bps_grosslabels_affine,-0.05512634920920245,-9.999999985093036e-05,-0.05522634920905338
2009-05-31,C,ML_RF_longonly_costaware_5bps_grosslabels_affine,0.002125684296865805,-0.00014285714277041951,0.0019828271540953857
2009-06-30,C,ML_RF_longonly_costaware_5bps_grosslabels_affine,0.037853426733800745,-4.5712417806818455e-14,0.03785342673375503
2009-07-31,C,ML_RF_longonly_costaware_5bps_grosslabels_affine,-0.030648284384561644,-2.2844751312072393e-14,-0.03064828438458449
2009-08-31,C,ML_RF_longonly_costaware_5bps_grosslabels_affine,0.044252924309566524,-8.771668240220287e-14,0.04425292430947881
2009-09-30,C,ML_RF_longonly_costaware_5bps_grosslabels_affine,-0.005626121525407044,-1.3948181722998584e-13,-0.005626121525546526
2009-10-31,C,ML_RF_longonly_costaware_5bps_grosslabels_affine,-0.03789136576521237,-2.0641274064481312e-11,-0.03789136578585364
2009-11-30,C,ML_RF_longonly_costaware_5bps_grosslabels_affine,0.029099469301593746,-2.059038666686022e-11,0.02909946928100336
2009-12-31,C,ML_RF_longonly_costaware_5bps_grosslabels_affine,0.007473464208398588,-9.999999993227975e-05,0.007373464208466308
2010-01-31,C,ML_RF_longonly_costaware_5bps_grosslabels_affine,0.017648585119093174,-4.3786612308915715e-14,0.017648585119049386
2010-02-28,C,ML_RF_longonly_costaware_5bps_grosslabels_affine,0.03209684863353525,-5.718615146557635e-14,0.032096848633478066
2010-03-31,C,ML_RF_longonly_costaware_5bps_grosslabels_affine,0.04052182519600696,-0.00010000000003836816,0.04042182519596859
2010-04-30,C,ML_RF_longonly_costaware_5bps_grosslabels_affine,-0.03840278010202052,-9.999999988930269e-05,-0.03850278010190982
2010-05-31,C,ML_RF_longonly_costaware_5bps_grosslabels_affine,-0.02401144613514213,-5.000000009049694e-05,-0.024061446135232627
2010-06-30,C,ML_RF_longonly_costaware_5bps_grosslabels_affine,0.0031398497426434547,-1.7575696464334695e-15,0.003139849742641697
2010-07-31,C,ML_RF_longonly_costaware_5bps_grosslabels_affine,-0.006205329656750745,-1.5706116537723804e-15,-0.006205329656752316
2010-08-31,C,ML_RF_longonly_costaware_5bps_grosslabels_affine,-0.1362356314184115,-5.890104283162033e-14,-0.1362356314184704
2010-09-30,C,ML_RF_longonly_costaware_5bps_grosslabels_affine,0.03426650102918855,-0.00010000000001044044,0.03416650102917811
2010-10-31,C,ML_RF_longonly_costaware_5bps_grosslabels_affine,-0.017741635132610005,-9.999999994824667e-05,-0.01784163513255825
2010-11-30,C,ML_RF_longonly_costaware_5bps_grosslabels_affine,-0.047408747387854874,-9.999999999682278e-05,-0.0475087473878517
2010-12-31,C,ML_RF_longonly_costaware_5bps_grosslabels_affine,0.07209828332979455,-4.82488318850817e-14,0.0720982833297463
2011-01-31,C,ML_RF_longonly_costaware_5bps_grosslabels_affine,0.002923917698626393,-9.999999993852113e-05,0.002823917698687872
2011-02-28,C,ML_RF_longonly_costaware_5bps_grosslabels_affine,-0.02967310714915735,-9.999999926792541e-05,-0.029773107148425276
2011-03-31,C,ML_RF_longonly_costaware_5bps_grosslabels_affine,-0.015027109438243744,-1.747704890827067e-13,-0.015027109438418514
2011-04-30,C,ML_RF_longonly_costaware_5bps_grosslabels_affine,-0.11065121400996736,-1.3086445293165152e-14,-0.11065121400998044
2011-05-31,C,ML_RF_longonly_costaware_5bps_grosslabels_affine,0.01440223888141969,-0.00013999999986584905,0.01426223888155384
2011-06-30,C,ML_RF_longonly_costaware_5bps_grosslabels_affine,-0.0011777194666894456,-1.1787771485178564e-13,-0.0011777194668073233
2011-07-31,C,ML_RF_longonly_costaware_5bps_grosslabels_affine,0.021205936841169382,-7.50000000062744e-05,0.021130936841163107
2011-08-31,C,ML_RF_longonly_costaware_5bps_grosslabels_affine,0.02244183440247841,-9.329332840588541e-14,0.022441834402385116
2011-09-30,C,ML_RF_longonly_costaware_5bps_grosslabels_affine,-0.0231856716639125,-3.9447015907336605e-14,-0.023185671663951947
2011-10-31,C,ML_RF_longonly_costaware_5bps_grosslabels_affine,0.00785170897994373,-2.4166680228338642e-14,0.007851708979919563
2011-11-30,C,ML_RF_longonly_costaware_5bps_grosslabels_affine,-0.009010583640559544,-6.659412019167905e-15,-0.009010583640566203
2011-12-31,C,ML_RF_longonly_costaware_5bps_grosslabels_affine,0.01312843201487227,-3.5734380530486735e-14,0.013128432014836537
2012-01-31,C,ML_RF_longonly_costaware_5bps_grosslabels_affine,-0.029785222071661097,-9.305511214417322e-14,-0.02978522207175415
2012-02-29,C,ML_RF_longonly_costaware_5bps_grosslabels_affine,-0.0059840565668658864,-1.2276003521227282e-14,-0.005984056566878162
2012-03-31,C,ML_RF_longonly_costaware_5bps_grosslabels_affine,-0.03695522026927561,-1.1227320783665314e-14,-0.03695522026928684
2012-04-30,C,ML_RF_longonly_costaware_5bps_grosslabels_affine,-0.009244651541929516,-1.6333030528639423e-13,-0.009244651542092848
2012-05-31,C,ML_RF_longonly_costaware_5bps_grosslabels_affine,-0.04649729757183422,-9.999999974742383e-05,-0.046597297571581646
2012-06-30,C,ML_RF_longonly_costaware_5bps_grosslabels_affine,0.02720295896720249,-0.00019999999955986264,0.02700295896764263
2012-07-31,C,ML_RF_longonly_costaware_5bps_grosslabels_affine,0.022927371295627077,-9.999999986648989e-05,0.022827371295760585
2012-08-31,C,ML_RF_longonly_costaware_5bps_grosslabels_affine,-0.01296470995403519,-7.768981065183153e-14,-0.01296470995411288
2012-09-30,C,ML_RF_longonly_costaware_5bps_grosslabels_affine,0.01007741282899714,-0.00010000000001397147,0.009977412828983168
2012-10-31,C,ML_RF_longonly_costaware_5bps_grosslabels_affine,-0.004121574809662526,-2.977779352262538e-13,-0.004121574809960304
2012-11-30,C,ML_RF_longonly_costaware_5bps_grosslabels_affine,-0.015364845316984089,-1.8550654525514944e-13,-0.015364845317169595
2012-12-31,C,ML_RF_longonly_costaware_5bps_grosslabels_affine,0.007406190294539774,-9.999999994531919e-05,0.0073061902945944545
2013-01-31,C,ML_RF_longonly_costaware_5bps_grosslabels_affine,0.0869355756521889,-0.00019999999907038815,0.08673557565311851
2013-02-28,C,ML_RF_longonly_costaware_5bps_grosslabels_affine,-0.025055667174484868,-4.263134230300106e-14,-0.0250556671745275
2013-03-31,C,ML_RF_longonly_costaware_5bps_grosslabels_affine,-0.0033756191447529677,-1.0761740848210631e-13,-0.003375619144860585
2013-04-30,C,ML_RF_longonly_costaware_5bps_grosslabels_affine,-0.011269181901094927,-1.1123468968116906e-13,-0.011269181901206161
2013-05-31,C,ML_RF_longonly_costaware_5bps_grosslabels_affine,0.0453063772105123,-1.4950278222121718e-13,0.04530637721036279
2013-06-30,C,ML_RF_longonly_costaware_5bps_grosslabels_affine,-0.07960896907614903,-1.7003545107322469e-13,-0.07960896907631906
2013-07-31,C,ML_RF_longonly_costaware_5bps_grosslabels_affine,0.028150223160427784,-9.999999998804284e-05,0.02805022316043974
2013-08-31,C,ML_RF_longonly_costaware_5bps_grosslabels_affine,-0.058987633511645016,-1.8085518412399478e-12,-0.05898763351345357
2013-09-30,C,ML_RF_longonly_costaware_5bps_grosslabels_affine,-0.04945883159054284,-9.999999812398599e-05,-0.04955883158866682
2013-10-31,C,ML_RF_longonly_costaware_5bps_grosslabels_affine,-0.031908516800986546,-9.999999996096442e-05,-0.03200851680094751
2013-11-30,C,ML_RF_longonly_costaware_5bps_grosslabels_affine,-0.04075682507568984,-3.580980724470738e-13,-0.040756825076047935
2013-12-31,C,ML_RF_longonly_costaware_5bps_grosslabels_affine,-0.037264760040994806,-9.999999827238478e-05,-0.03736476003926719
2014-01-31,C,ML_RF_longonly_costaware_5bps_grosslabels_affine,0.07381251039747917,-1.5167439236956419e-12,0.07381251039596243
2014-02-28,C,ML_RF_longonly_costaware_5bps_grosslabels_affine,0.03691174925957651,-6.009901366637862e-14,0.03691174925951641
2014-03-31,C,ML_RF_longonly_costaware_5bps_grosslabels_affine,0.0230634680151063,-5.3937677964466026e-15,0.023063468015100903
2014-04-30,C,ML_RF_longonly_costaware_5bps_grosslabels_affine,-0.032875358000197696,-2.7858770250523263e-15,-0.03287535800020048
2014-05-31,C,ML_RF_longonly_costaware_5bps_grosslabels_affine,-0.01972746211176321,-2.9903889565801107e-15,-0.0197274621117662
2014-06-30,C,ML_RF_longonly_costaware_5bps_grosslabels_affine,-0.04491554461611725,-4.747378511940502e-15,-0.044915544616121995
2014-07-31,C,ML_RF_longonly_costaware_5bps_grosslabels_affine,-0.07431092216963076,-4.5612174413834324e-14,-0.07431092216967637
2014-08-31,C,ML_RF_longonly_costaware_5bps_grosslabels_affine,-0.029850799667936224,-4.002587933069677e-14,-0.02985079966797625
2014-09-30,C,ML_RF_longonly_costaware_5bps_grosslabels_affine,0.08796219868270852,-2.577430945997431e-15,0.08796219868270594
2014-10-31,C,ML_RF_longonly_costaware_5bps_grosslabels_affine,-0.0312293777493866,-4.506566602519096e-15,-0.031229377749391107
2014-11-30,C,ML_RF_longonly_costaware_5bps_grosslabels_affine,0.06856389249253415,-6.12248636572096e-15,0.06856389249252803
2014-12-31,C,ML_RF_longonly_costaware_5bps_grosslabels_affine,-0.07650093581499375,-6.666666666865763e-05,-0.0765676024816624
2015-01-31,C,ML_RF_longonly_costaware_5bps_grosslabels_affine,0.03861768834698613,-1.0006017015365477e-13,0.03861768834688607
2015-02-28,C,ML_RF_longonly_costaware_5bps_grosslabels_affine,0.004109461471172177,-2.049804234247437e-14,0.0041094614711516785
2015-03-31,C,ML_RF_longonly_costaware_5bps_grosslabels_affine,0.03262231247356888,-6.855644968751287e-14,0.03262231247350032
2015-04-30,C,ML_RF_longonly_costaware_5bps_grosslabels_affine,-0.0008515588811431441,-7.764890909325863e-14,-0.000851558881220793
2015-05-31,C,ML_RF_longonly_costaware_5bps_grosslabels_affine,0.06693026567410187,-8.699698402255739e-14,0.06693026567401487
2015-06-30,C,ML_RF_longonly_costaware_5bps_grosslabels_affine,0.0012595589206701328,-1.598213619771868e-13,0.0012595589205103115
2015-07-31,C,ML_RF_longonly_costaware_5bps_grosslabels_affine,-0.025053338755615925,-2.1098263522155807e-13,-0.02505333875582691
2015-08-31,C,ML_RF_longonly_costaware_5bps_grosslabels_affine,0.006894820741653588,-1.2751330761823723e-13,0.006894820741526074
2015-09-30,C,ML_RF_longonly_costaware_5bps_grosslabels_affine,0.005653291105098341,-6.03312239574439e-14,0.00565329110503801
2015-10-31,C,ML_RF_longonly_costaware_5bps_grosslabels_affine,-0.03905041616833341,-8.547630479932294e-14,-0.03905041616841888
2015-11-30,C,ML_RF_longonly_costaware_5bps_grosslabels_affine,0.046722588911178614,-9.999999986625535e-05,0.04662258891131236
2015-12-31,C,ML_RF_longonly_costaware_5bps_grosslabels_affine,0.030302016108907537,-9.999999998067822e-05,0.03020201610892686
2016-01-31,C,ML_RF_longonly_costaware_5bps_grosslabels_affine,0.06442781258898433,-9.999999992501269e-05,0.06432781258905933
2016-02-29,C,ML_RF_longonly_costaware_5bps_grosslabels_affine,-0.0361283199904299,-9.999999985011636e-05,-0.03622831999028001
2016-03-31,C,ML_RF_longonly_costaware_5bps_grosslabels_affine,0.05565137199445053,-4.969796533465876e-14,0.05565137199440083
2016-04-30,C,ML_RF_longonly_costaware_5bps_grosslabels_affine,0.15550386816231326,-1.6497063820808401e-13,0.15550386816214828
2016-05-31,C,ML_RF_longonly_costaware_5bps_grosslabels_affine,0.028001427818222378,-6.608023416789673e-14,0.0280014278181563
2016-06-30,C,ML_RF_longonly_costaware_5bps_grosslabels_affine,0.06500799489157437,-8.714814373964466e-14,0.06500799489148722
2016-07-31,C,ML_RF_longonly_costaware_5bps_grosslabels_affine,0.13832211344420017,-8.809379005242027e-14,0.13832211344411208
2016-08-31,C,ML_RF_longonly_costaware_5bps_grosslabels_affine,-0.02682639295027228,-9.99999998892372e-05,-0.026926392950161516
2016-09-30,C,ML_RF_longonly_costaware_5bps_grosslabels_affine,0.12543749827788167,-9.999999983207105e-05,0.1253374982780496
2016-10-31,C,ML_RF_longonly_costaware_5bps_grosslabels_affine,0.052939852240429776,-9.999999984064881e-05,0.052839852240589125
2016-11-30,C,ML_RF_longonly_costaware_5bps_grosslabels_affine,0.09172584120047775,-7.676998482407678e-14,0.09172584120040098
2016-12-31,C,ML_RF_longonly_costaware_5bps_grosslabels_affine,0.015484348995350629,-8.155590896975759e-14,0.015484348995269072
2017-01-31,C,ML_RF_longonly_costaware_5bps_grosslabels_affine,-0.030535943496712226,-1.500456482997971e-14,-0.03053594349672723
2017-02-28,C,ML_RF_longonly_costaware_5bps_grosslabels_affine,-0.04388006230615275,-1.9533471174260825e-14,-0.043880062306172286
2017-03-31,C,ML_RF_longonly_costaware_5bps_grosslabels_affine,0.05943298433239953,-5.622343530404298e-15,0.05943298433239391
2017-04-30,C,ML_RF_longonly_costaware_5bps_grosslabels_affine,-0.014071816772679994,-6.226376467840757e-15,-0.01407181677268622
2017-05-31,C,ML_RF_longonly_costaware_5bps_grosslabels_affine,-0.07005958154254883,-5.691388346621483e-15,-0.07005958154255452
2017-06-30,C,ML_RF_longonly_costaware_5bps_grosslabels_affine,0.0008191447699185061,-4.675803610612782e-14,0.000819144769871748
2017-07-31,C,ML_RF_longonly_costaware_5bps_grosslabels_affine,-0.05615186345510836,-2.2088238132466166e-14,-0.056151863455130444
2017-08-31,C,ML_RF_longonly_costaware_5bps_grosslabels_affine,-0.015574821104084315,-7.524871355568549e-12,-0.015574821111609186
2017-09-30,C,ML_RF_longonly_costaware_5bps_grosslabels_affine,-0.05897104199336725,-4.9999996337154124e-05,-0.059021041989704405
2017-10-31,C,ML_RF_longonly_costaware_5bps_grosslabels_affine,-0.02900623164026067,-9.999998989627097e-05,-0.029106231630156944
2017-11-30,C,ML_RF_longonly_costaware_5bps_grosslabels_affine,-0.015536994666817457,-6.549799482756367e-13,-0.015536994667472437
2017-12-31,C,ML_RF_longonly_costaware_5bps_grosslabels_affine,0.059323295654606936,-6.247682404796604e-14,0.05932329565454446
2018-01-31,C,ML_RF_longonly_costaware_5bps_grosslabels_affine,0.056412634127347455,-1.7095247661040607e-14,0.05641263412733036
2018-02-28,C,ML_RF_longonly_costaware_5bps_grosslabels_affine,-0.006093273750217482,-1.947516590111743e-13,-0.006093273750412233
2018-03-31,C,ML_RF_longonly_costaware_5bps_grosslabels_affine,0.06846314313755669,-8.857633821524639e-14,0.06846314313746811
2018-04-30,C,ML_RF_longonly_costaware_5bps_grosslabels_affine,0.13037321354709053,-4.430888224976813e-14,0.13037321354704623
2018-05-31,C,ML_RF_longonly_costaware_5bps_grosslabels_affine,0.08547054055023637,-6.742310991009463e-14,0.08547054055016895
2018-06-30,C,ML_RF_longonly_costaware_5bps_grosslabels_affine,-0.021066106962940936,-5.705687569242137e-14,-0.021066106962997995
2018-07-31,C,ML_RF_longonly_costaware_5bps_grosslabels_affine,-0.0001489436380603621,-6.672556016278943e-14,-0.00014894363812708767
2018-08-31,C,ML_RF_longonly_costaware_5bps_grosslabels_affine,-0.023552455691096513,-7.334919880528463e-14,-0.02355245569116986
2018-09-30,C,ML_RF_longonly_costaware_5bps_grosslabels_affine,0.005204953414483975,-6.538024387858696e-14,0.005204953414418595
2018-10-31,C,ML_RF_longonly_costaware_5bps_grosslabels_affine,-0.03536416618141025,-2.634225479290527e-14,-0.03536416618143659
2018-11-30,C,ML_RF_longonly_costaware_5bps_grosslabels_affine,0.022998276247694304,-3.14265216264836e-14,0.022998276247662878
2018-12-31,C,ML_RF_longonly_costaware_5bps_grosslabels_affine,0.09304830133265524,-9.618389746519119e-14,0.09304830133255905
2019-01-31,C,ML_RF_longonly_costaware_5bps_grosslabels_affine,0.046859464797315446,-9.780709714529793e-14,0.04685946479721764
2019-02-28,C,ML_RF_longonly_costaware_5bps_grosslabels_affine,-0.17437602433291172,-4.134251547921623e-15,-0.17437602433291585
2019-03-31,C,ML_RF_longonly_costaware_5bps_grosslabels_affine,0.1685023566973086,-3.8099455321767465e-14,0.16850235669727048
2019-04-30,C,ML_RF_longonly_costaware_5bps_grosslabels_affine,0.07143538085349771,-5.945557050144488e-14,0.07143538085343826
2019-05-31,C,ML_RF_longonly_costaware_5bps_grosslabels_affine,0.0248763854443395,-8.447385702380073e-14,0.024876385444255026
2019-06-30,C,ML_RF_longonly_costaware_5bps_grosslabels_affine,0.17757879894300088,-1.5276101993006332e-13,0.17757879894284812
2019-07-31,C,ML_RF_longonly_costaware_5bps_grosslabels_affine,0.13006933664811668,-9.999999840835003e-05,0.12996933664970833
2019-08-31,C,ML_RF_longonly_costaware_5bps_grosslabels_affine,0.00789738774969118,-1.4759277278283024e-12,0.007897387748215252
2019-09-30,C,ML_RF_longonly_costaware_5bps_grosslabels_affine,0.06036335936530189,-1.827642595026837e-13,0.06036335936511913
2019-10-31,C,ML_RF_longonly_costaware_5bps_grosslabels_affine,0.2026854729092015,-4.3897061387006e-14,0.2026854729091576
2019-11-30,C,ML_RF_longonly_costaware_5bps_grosslabels_affine,0.16923714922083313,-1.2992948557130437e-14,0.16923714922082014
2019-12-31,C,ML_RF_longonly_costaware_5bps_grosslabels_affine,0.11019115742030876,-5.4258224210890905e-14,0.1101911574202545
2020-01-31,C,ML_RF_longonly_costaware_5bps_grosslabels_affine,0.02052742624982356,-3.49948664506894e-14,0.020527426249788563
2020-02-29,C,ML_RF_longonly_costaware_5bps_grosslabels_affine,0.029049500801603283,-3.818617652778656e-14,0.029049500801565098
2020-03-31,C,ML_RF_longonly_costaware_5bps_grosslabels_affine,0.045021192410072006,-1.3824172912221164e-14,0.04502119241005818
2020-04-30,C,ML_RF_longonly_costaware_5bps_grosslabels_affine,-0.024216419572067025,-1.8843890779368582e-14,-0.024216419572085868
2020-05-31,C,ML_RF_longonly_costaware_5bps_grosslabels_affine,-0.023131287064058537,-1.658337786700047e-14,-0.02313128706407512
2020-06-30,C,ML_RF_longonly_costaware_5bps_grosslabels_affine,0.0295374291658432,-4.6781094464895e-14,0.02953742916579642
2020-07-31,C,ML_RF_longonly_costaware_5bps_grosslabels_affine,0.04894498332517312,-1.436190963146954e-14,0.04894498332515876
2020-08-31,C,ML_RF_longonly_costaware_5bps_grosslabels_affine,-0.06621535048484731,-4.163202271629156e-14,-0.06621535048488894
2020-09-30,C,ML_RF_longonly_costaware_5bps_grosslabels_affine,0.16165552705272299,-9.99999999649445e-05,0.16155552705275805
2020-10-31,C,ML_RF_longonly_costaware_5bps_grosslabels_affine,-0.07382263224218273,-1.8036191690015715e-13,-0.07382263224236309
2020-11-30,C,ML_RF_longonly_costaware_5bps_grosslabels_affine,-0.07171677620397246,-9.999999996398946e-05,-0.07181677620393645
2020-12-31,C,ML_RF_longonly_costaware_5bps_grosslabels_affine,-0.10519048253950644,-4.6182826445110886e-14,-0.10519048253955263
2021-01-31,C,ML_RF_longonly_costaware_5bps_grosslabels_affine,0.07906744317155191,-5.111242589995395e-14,0.0790674431715008
2021-02-28,C,ML_RF_longonly_costaware_5bps_grosslabels_affine,0.04894098625983092,-6.311372319149381e-14,0.0489409862597678
2021-03-31,C,ML_RF_longonly_costaware_5bps_grosslabels_affine,-0.10853985228483395,-1.3033320083260196e-13,-0.10853985228496428
2021-04-30,C,ML_RF_longonly_costaware_5bps_grosslabels_affine,0.007521388613724789,-9.99999999264139e-05,0.007421388613798375
2021-05-31,C,ML_RF_longonly_costaware_5bps_grosslabels_affine,-0.10197114623871625,-9.999999999936823e-05,-0.10207114623871562
2021-06-30,C,ML_RF_longonly_costaware_5bps_grosslabels_affine,0.05990512159546039,-9.999999993217625e-05,0.05980512159552821
2021-07-31,C,ML_RF_longonly_costaware_5bps_grosslabels_affine,-0.009652823115857084,-0.00019999999992092974,-0.009852823115778014
2021-08-31,C,ML_RF_longonly_costaware_5bps_grosslabels_affine,-0.12959129773344227,-1.7044914367231854e-13,-0.12959129773361272
2021-09-30,C,ML_RF_longonly_costaware_5bps_grosslabels_affine,0.010931268412055299,-9.999999996634802e-05,0.010831268412088951
2021-10-31,C,ML_RF_longonly_costaware_5bps_grosslabels_affine,0.05833894491971945,-9.999999984738612e-05,0.05823894491987206
2021-11-30,C,ML_RF_longonly_costaware_5bps_grosslabels_affine,-0.04137261202330729,-9.999999970381878e-05,-0.041472612023011106
2021-12-31,C,ML_RF_longonly_costaware_5bps_grosslabels_affine,0.13652839184190252,-2.162770280922107e-13,0.13652839184168625
2022-01-31,C,ML_RF_longonly_costaware_5bps_grosslabels_affine,-0.046684647336229505,-5.6304962671406976e-14,-0.04668464733628581
2022-02-28,C,ML_RF_longonly_costaware_5bps_grosslabels_affine,0.06816017195344258,-2.1404006019478052e-14,0.06816017195342118
2022-03-31,C,ML_RF_longonly_costaware_5bps_grosslabels_affine,-0.026577179519633832,-1.981759566868272e-14,-0.02657717951965365
2022-04-30,C,ML_RF_longonly_costaware_5bps_grosslabels_affine,-0.029688101294618175,-1.4464010821963048e-14,-0.02968810129463264
2022-05-31,C,ML_RF_longonly_costaware_5bps_grosslabels_affine,0.021924046265668514,-2.733047258503487e-14,0.021924046265641185
2022-06-30,C,ML_RF_longonly_costaware_5bps_grosslabels_affine,0.001096961105327075,-1.872293093939884e-14,0.0010969611053083521
2022-07-31,C,ML_RF_longonly_costaware_5bps_grosslabels_affine,-0.08965068514799993,-5.553049664717518e-14,-0.08965068514805545
2022-08-31,C,ML_RF_longonly_costaware_5bps_grosslabels_affine,-0.048670356184400965,-7.392265431977454e-14,-0.048670356184474885
2022-09-30,C,ML_RF_longonly_costaware_5bps_grosslabels_affine,-0.05154923383607831,-0.00010000000002297211,-0.05164923383610128
2022-10-31,C,ML_RF_longonly_costaware_5bps_grosslabels_affine,0.07337119815751376,-0.00010000000000220779,0.07327119815751156
2022-11-30,C,ML_RF_longonly_costaware_5bps_grosslabels_affine,0.08258246339093095,-7.246851565511315e-14,0.08258246339085848
2022-12-31,C,ML_RF_longonly_costaware_5bps_grosslabels_affine,-0.06540285635354892,-2.734698011846405e-14,-0.06540285635357627
2023-01-31,C,ML_RF_longonly_costaware_5bps_grosslabels_affine,0.09369046257777602,-8.953597403518059e-15,0.09369046257776707
2023-02-28,C,ML_RF_longonly_costaware_5bps_grosslabels_affine,0.06464639685907402,-6.208257400598153e-15,0.06464639685906781
2023-03-31,C,ML_RF_longonly_costaware_5bps_grosslabels_affine,-0.03398803820884732,-1.1306083317696873e-14,-0.03398803820885862
2023-04-30,C,ML_RF_longonly_costaware_5bps_grosslabels_affine,0.10587014919992258,-2.3968105131798454e-14,0.10587014919989861
2023-05-31,C,ML_RF_longonly_costaware_5bps_grosslabels_affine,-0.07893239658615712,-1.208183462497681e-14,-0.07893239658616921
2023-06-30,C,ML_RF_longonly_costaware_5bps_grosslabels_affine,0.02269431589521189,-2.4269628596625913e-14,0.02269431589518762
2023-07-31,C,ML_RF_longonly_costaware_5bps_grosslabels_affine,-0.028145186607419465,-2.0786730664747164e-14,-0.02814518660744025
2023-08-31,C,ML_RF_longonly_costaware_5bps_grosslabels_affine,0.05111125653568303,-4.001842763484097e-15,0.05111125653567903
2023-09-30,C,ML_RF_longonly_costaware_5bps_grosslabels_affine,-0.027729804847707543,-7.985512646725843e-15,-0.02772980484771553
2023-10-31,C,ML_RF_longonly_costaware_5bps_grosslabels_affine,0.041105224377597435,-9.61947761383647e-15,0.04110522437758782
2023-11-30,C,ML_RF_longonly_costaware_5bps_grosslabels_affine,-0.06409957314150891,-9.999999996525993e-05,-0.06419957314147418
2023-12-31,C,ML_RF_longonly_costaware_5bps_grosslabels_affine,0.04897563525280203,-2.6445298169831014e-13,0.04897563525253758
2024-01-31,C,ML_RF_longonly_costaware_5bps_grosslabels_affine,-0.10708629463435367,-6.411798509243313e-14,-0.10708629463441778
2024-02-29,C,ML_RF_longonly_costaware_5bps_grosslabels_affine,0.0013399717456543726,-1.1715830206102481e-11,0.0013399717339385425
2024-03-31,C,ML_RF_longonly_costaware_5bps_grosslabels_affine,0.0041094983182249,-2.0462081806301687e-12,0.004109498316178692
2024-04-30,C,ML_RF_longonly_costaware_5bps_grosslabels_affine,0.12220262081738927,-2.0250097579787705e-13,0.12220262081718676
2024-05-31,C,ML_RF_longonly_costaware_5bps_grosslabels_affine,0.055334298214335324,-1.7967031774853285e-14,0.05533429821431736
2024-06-30,C,ML_RF_longonly_costaware_5bps_grosslabels_affine,0.0742312784367754,-5.120094629419116e-15,0.07423127843677028
2024-07-31,C,ML_RF_longonly_costaware_5bps_grosslabels_affine,0.054047808781350154,-7.187898792963924e-15,0.054047808781342965
2024-08-31,C,ML_RF_longonly_costaware_5bps_grosslabels_affine,0.019595472815702963,-1.2419371750160582e-12,0.019595472814461026
2024-09-30,C,ML_RF_longonly_costaware_5bps_grosslabels_affine,0.0,-3.3099809611019397e-12,-3.3099809611019397e-12
2008-10-31,ALL,ML_RF_longonly_costaware_5bps_grosslabels_affine,0.06529874145469754,-0.00025,0.06504874145469754
2008-11-30,ALL,ML_RF_longonly_costaware_5bps_grosslabels_affine,-0.02393388929092178,-2.156304081950828e-14,-0.023933889290943342
2008-12-31,ALL,ML_RF_longonly_costaware_5bps_grosslabels_affine,-0.054753049449053966,-0.00019999999997811327,-0.05495304944903208
2009-01-31,ALL,ML_RF_longonly_costaware_5bps_grosslabels_affine,0.02685466639332298,-0.00019999999986064946,0.026654666393462333
2009-02-28,ALL,ML_RF_longonly_costaware_5bps_grosslabels_affine,0.06519750826597093,-0.00029999999992765653,0.06489750826604328
2009-03-31,ALL,ML_RF_longonly_costaware_5bps_grosslabels_affine,0.04856950070404331,-0.0002000000000972152,0.0483695007039461
2009-04-30,ALL,ML_RF_longonly_costaware_5bps_grosslabels_affine,-0.06087166269118884,-0.0001000000000996565,-0.0609716626912885
2009-05-31,ALL,ML_RF_longonly_costaware_5bps_grosslabels_affine,-0.045629307759613685,-0.00010000000005290442,-0.04572930775966659
2009-06-30,ALL,ML_RF_longonly_costaware_5bps_grosslabels_affine,0.05315348524581878,-0.0002999999999324905,0.05285348524588629
2009-07-31,ALL,ML_RF_longonly_costaware_5bps_grosslabels_affine,-0.022484525301531933,-0.0001999999997966023,-0.022684525301328536
2009-08-31,ALL,ML_RF_longonly_costaware_5bps_grosslabels_affine,0.06618599521944599,-9.999999999059439e-05,0.06608599521945539
2009-09-30,ALL,ML_RF_longonly_costaware_5bps_grosslabels_affine,0.03468193842817222,-0.00029999999985525535,0.034381938428316966
2009-10-31,ALL,ML_RF_longonly_costaware_5bps_grosslabels_affine,-0.03917080511048099,-0.00020000000006459932,-0.03937080511054559
2009-11-30,ALL,ML_RF_longonly_costaware_5bps_grosslabels_affine,0.062365436592055914,-0.0002999999998680934,0.06206543659218782
2009-12-31,ALL,ML_RF_longonly_costaware_5bps_grosslabels_affine,0.020863311657778046,-0.000199999999921117,0.02066331165785693
2010-01-31,ALL,ML_RF_longonly_costaware_5bps_grosslabels_affine,0.018872283645151623,-0.0003999999998108553,0.01847228364534077
2010-02-28,ALL,ML_RF_longonly_costaware_5bps_grosslabels_affine,0.01026984334793625,-0.0002999999999455185,0.00996984334799073
2010-03-31,ALL,ML_RF_longonly_costaware_5bps_grosslabels_affine,0.08335950257274151,-0.0003999999992142694,0.08295950257352724
2010-04-30,ALL,ML_RF_longonly_costaware_5bps_grosslabels_affine,-0.028144050964596743,-9.99999993278905e-05,-0.028244050963924634
2010-05-31,ALL,ML_RF_longonly_costaware_5bps_grosslabels_affine,-0.024744941722700337,-0.0002999999999743031,-0.02504494172267464
2010-06-30,ALL,ML_RF_longonly_costaware_5bps_grosslabels_affine,-0.020492229311884564,-0.0003000000019765449,-0.02079222931386111
2010-07-31,ALL,ML_RF_longonly_costaware_5bps_grosslabels_affine,-0.030912729233391684,-0.0002000000007773467,-0.03111272923416903
2010-08-31,ALL,ML_RF_longonly_costaware_5bps_grosslabels_affine,-0.10095506730847234,-0.00010000000205664726,-0.10105506731052899
2010-09-30,ALL,ML_RF_longonly_costaware_5bps_grosslabels_affine,0.08306129726084668,-0.00010000000005235466,0.08296129726079433
2010-10-31,ALL,ML_RF_longonly_costaware_5bps_grosslabels_affine,-0.016308851800171907,-0.0001999999999956915,-0.0165088518001676
2010-11-30,ALL,ML_RF_longonly_costaware_5bps_grosslabels_affine,-0.01342581781320993,-1.0166349687560396e-14,-0.013425817813220097
2010-12-31,ALL,ML_RF_longonly_costaware_5bps_grosslabels_affine,0.07916616251786752,-4.904353105120387e-15,0.07916616251786263
2011-01-31,ALL,ML_RF_longonly_costaware_5bps_grosslabels_affine,0.027994123895493335,-2.461648333623287e-15,0.02799412389549087
2011-02-28,ALL,ML_RF_longonly_costaware_5bps_grosslabels_affine,0.020911399743270734,-1.8513190834274472e-15,0.02091139974326888
2011-03-31,ALL,ML_RF_longonly_costaware_5bps_grosslabels_affine,-0.0043296394242196825,-1.9746461646249666e-15,-0.0043296394242216575
2011-04-30,ALL,ML_RF_longonly_costaware_5bps_grosslabels_affine,-0.07503885858513497,-2.329967317623404e-15,-0.0750388585851373
2011-05-31,ALL,ML_RF_longonly_costaware_5bps_grosslabels_affine,0.04907698198406803,-6.2526427917678665e-15,0.049076981984061775
2011-06-30,ALL,ML_RF_longonly_costaware_5bps_grosslabels_affine,0.017692958644142418,-2.126481963537311e-15,0.01769295864414029
2011-07-31,ALL,ML_RF_longonly_costaware_5bps_grosslabels_affine,0.02778379818860762,-1.542816691405536e-15,0.027783798188606077
2011-08-31,ALL,ML_RF_longonly_costaware_5bps_grosslabels_affine,0.01972672632147141,-1.3414042211027643e-15,0.019726726321470066
2011-09-30,ALL,ML_RF_longonly_costaware_5bps_grosslabels_affine,-0.026905574187899198,-1.5501012831872602e-15,-0.02690557418790075
2011-10-31,ALL,ML_RF_longonly_costaware_5bps_grosslabels_affine,0.010475210241851727,-5.523886664585584e-15,0.010475210241846203
2011-11-30,ALL,ML_RF_longonly_costaware_5bps_grosslabels_affine,0.019063823137658316,-1.0286594907472602e-14,0.01906382313764803
2011-12-31,ALL,ML_RF_longonly_costaware_5bps_grosslabels_affine,0.03575134326365076,-4.558351296941988e-14,0.03575134326360518
2012-01-31,ALL,ML_RF_longonly_costaware_5bps_grosslabels_affine,-0.0024757266138851672,-4.2499728383052693e-14,-0.002475726613927667
2012-02-29,ALL,ML_RF_longonly_costaware_5bps_grosslabels_affine,0.023062601434812167,-1.182574720729737e-14,0.02306260143480034
2012-03-31,ALL,ML_RF_longonly_costaware_5bps_grosslabels_affine,0.007011246602316344,-3.964474179337158e-15,0.007011246602312379
2012-04-30,ALL,ML_RF_longonly_costaware_5bps_grosslabels_affine,-0.010960294896641968,-1.1655749462096283e-15,-0.010960294896643134
2012-05-31,ALL,ML_RF_longonly_costaware_5bps_grosslabels_affine,-0.02425287755545025,-9.99999999976814e-05,-0.024352877555447933
2012-06-30,ALL,ML_RF_longonly_costaware_5bps_grosslabels_affine,0.0638321780892679,-6.377006387712851e-15,0.06383217808926152
2012-07-31,ALL,ML_RF_longonly_costaware_5bps_grosslabels_affine,-0.02859699058718747,-1.6491814861454924e-14,-0.028596990587203962
2012-08-31,ALL,ML_RF_longonly_costaware_5bps_grosslabels_affine,0.05284449422641976,-1.886703024649815e-13,0.05284449422623109
2012-09-30,ALL,ML_RF_longonly_costaware_5bps_grosslabels_affine,0.024435060136906012,-9.999999180616262e-05,0.02433506014509985
2012-10-31,ALL,ML_RF_longonly_costaware_5bps_grosslabels_affine,0.014911821599468987,-9.999999190183801e-05,0.014811821607567149
2012-11-30,ALL,ML_RF_longonly_costaware_5bps_grosslabels_affine,0.029817938988838354,-9.999999998455922e-05,0.029717938988853793
2012-12-31,ALL,ML_RF_longonly_costaware_5bps_grosslabels_affine,-0.02850827798683197,-5.942102408059564e-14,-0.02850827798689139
2013-01-31,ALL,ML_RF_longonly_costaware_5bps_grosslabels_affine,0.05385565036247732,-0.0001000000000036265,0.05375565036247369
2013-02-28,ALL,ML_RF_longonly_costaware_5bps_grosslabels_affine,-0.016606155061523773,-1.0573081950784181e-14,-0.016606155061534345
2013-03-31,ALL,ML_RF_longonly_costaware_5bps_grosslabels_affine,-0.012040493035730659,-0.00010000000003088612,-0.012140493035761545
2013-04-30,ALL,ML_RF_longonly_costaware_5bps_grosslabels_affine,0.006611964390093669,-0.00010000000000326043,0.006511964390090408
2013-05-31,ALL,ML_RF_longonly_costaware_5bps_grosslabels_affine,0.03881877357223844,-0.0001000000000590482,0.03871877357217939
2013-06-30,ALL,ML_RF_longonly_costaware_5bps_grosslabels_affine,-0.04003241916076911,-1.062511382591035e-14,-0.040032419160779736
2013-07-31,ALL,ML_RF_longonly_costaware_5bps_grosslabels_affine,0.04798647255205449,-1.114170428223824e-14,0.047986472552043344
2013-08-31,ALL,ML_RF_longonly_costaware_5bps_grosslabels_affine,-0.03377710301230384,-4.877676670607258e-15,-0.03377710301230872
2013-09-30,ALL,ML_RF_longonly_costaware_5bps_grosslabels_affine,0.012763487073543512,-1.2792489220396196e-14,0.01276348707353072
2013-10-31,ALL,ML_RF_longonly_costaware_5bps_grosslabels_affine,0.023630410391683513,-9.999999999308271e-05,0.02353041039169043
2013-11-30,ALL,ML_RF_longonly_costaware_5bps_grosslabels_affine,-0.009059417344296753,-6.841041633025711e-15,-0.009059417344303594
2013-12-31,ALL,ML_RF_longonly_costaware_5bps_grosslabels_affine,-0.012536561001535948,-1.6486492763410452e-15,-0.012536561001537596
2014-01-31,ALL,ML_RF_longonly_costaware_5bps_grosslabels_affine,0.04762865332098911,-9.99999999951034e-05,0.047528653320994006
2014-02-28,ALL,ML_RF_longonly_costaware_5bps_grosslabels_affine,-0.007517570558275967,-2.9020685224632005e-15,-0.007517570558278869
2014-03-31,ALL,ML_RF_longonly_costaware_5bps_grosslabels_affine,0.015493916260160787,-0.0001000000000569221,0.015393916260103864
2014-04-30,ALL,ML_RF_longonly_costaware_5bps_grosslabels_affine,-0.006176675373376455,-3.2233120567939673e-13,-0.006176675373698787
2014-05-31,ALL,ML_RF_longonly_costaware_5bps_grosslabels_affine,-0.014827276755691147,-0.00010000000003597367,-0.014927276755727121
2014-06-30,ALL,ML_RF_longonly_costaware_5bps_grosslabels_affine,0.015222937374285242,-1.1151406360003264e-13,0.015222937374173729
2014-07-31,ALL,ML_RF_longonly_costaware_5bps_grosslabels_affine,-0.05970929031092167,-1.0450227985703586e-13,-0.05970929031102617
2014-08-31,ALL,ML_RF_longonly_costaware_5bps_grosslabels_affine,-0.032891805407497886,-9.999999843516145e-05,-0.03299180540593305
2014-09-30,ALL,ML_RF_longonly_costaware_5bps_grosslabels_affine,0.08037658214643634,-1.5710651893355963e-12,0.08037658214486527
2014-10-31,ALL,ML_RF_longonly_costaware_5bps_grosslabels_affine,0.010230387593907197,-5.751005323766763e-14,0.010230387593849687
2014-11-30,ALL,ML_RF_longonly_costaware_5bps_grosslabels_affine,-0.02852251719237368,-1.5800598153289223e-14,-0.02852251719238948
2014-12-31,ALL,ML_RF_longonly_costaware_5bps_grosslabels_affine,-0.06668194680871192,-4.870469291450104e-14,-0.06668194680876063
2015-01-31,ALL,ML_RF_longonly_costaware_5bps_grosslabels_affine,-0.004371853553309052,-9.999999984249344e-05,-0.004471853553151546
2015-02-28,ALL,ML_RF_longonly_costaware_5bps_grosslabels_affine,0.07937882474730391,-1.5973966162466847e-13,0.07937882474714418
2015-03-31,ALL,ML_RF_longonly_costaware_5bps_grosslabels_affine,-0.014020399749650917,-6.13546492513391e-14,-0.014020399749712273
2015-04-30,ALL,ML_RF_longonly_costaware_5bps_grosslabels_affine,0.02919122377685006,-1.0583682283354366e-14,0.029191223776839473
2015-05-31,ALL,ML_RF_longonly_costaware_5bps_grosslabels_affine,0.005124132881688327,-2.443186486758163e-15,0.005124132881685884
2015-06-30,ALL,ML_RF_longonly_costaware_5bps_grosslabels_affine,0.0559778928355224,-1.9718407586160267e-15,0.05597789283552043
2015-07-31,ALL,ML_RF_longonly_costaware_5bps_grosslabels_affine,-0.0007184703581238642,-1.942028057988061e-15,-0.0007184703581258063
2015-08-31,ALL,ML_RF_longonly_costaware_5bps_grosslabels_affine,0.00705072732538415,-1.2291159705581057e-14,0.0070507273253718585
2015-09-30,ALL,ML_RF_longonly_costaware_5bps_grosslabels_affine,-0.03256248351647806,-7.289209889611342e-15,-0.032562483516485344
2015-10-31,ALL,ML_RF_longonly_costaware_5bps_grosslabels_affine,0.030451371407973358,-8.480972419554478e-13,0.030451371407125262
2015-11-30,ALL,ML_RF_longonly_costaware_5bps_grosslabels_affine,0.017813731752319425,-0.00010000000001512875,0.017713731752304295
2015-12-31,ALL,ML_RF_longonly_costaware_5bps_grosslabels_affine,0.028364519191191418,-1.0297859638033755e-13,0.028364519191088438
2016-01-31,ALL,ML_RF_longonly_costaware_5bps_grosslabels_affine,0.03374537640732991,-1.1813574088453903e-14,0.033745376407318096
2016-02-29,ALL,ML_RF_longonly_costaware_5bps_grosslabels_affine,0.008954211430044821,-3.284779808847612e-14,0.008954211430011974
2016-03-31,ALL,ML_RF_longonly_costaware_5bps_grosslabels_affine,0.0177327123758846,-4.691302512037148e-14,0.017732712375837685
2016-04-30,ALL,ML_RF_longonly_costaware_5bps_grosslabels_affine,0.013550563481777664,-8.386388921924101e-14,0.013550563481693801
2016-05-31,ALL,ML_RF_longonly_costaware_5bps_grosslabels_affine,0.0014175031695547952,-2.416740588592216e-14,0.001417503169530628
2016-06-30,ALL,ML_RF_longonly_costaware_5bps_grosslabels_affine,0.023873819361484933,-4.4276916027163215e-14,0.023873819361440656
2016-07-31,ALL,ML_RF_longonly_costaware_5bps_grosslabels_affine,0.0012095498716188492,-5.3841206663154006e-14,0.001209549871565008
2016-08-31,ALL,ML_RF_longonly_costaware_5bps_grosslabels_affine,0.026801752051179805,-5.687965790008429e-13,0.02680175205061101
2016-09-30,ALL,ML_RF_longonly_costaware_5bps_grosslabels_affine,0.0285739508311421,-1.6069597120837893e-12,0.02857395082953514
2016-10-31,ALL,ML_RF_longonly_costaware_5bps_grosslabels_affine,0.02602272941420891,-0.00010000000001258228,0.02592272941419633
2016-11-30,ALL,ML_RF_longonly_costaware_5bps_grosslabels_affine,0.0032307970778026177,-0.00010000000000117543,0.003130797077801442
2016-12-31,ALL,ML_RF_longonly_costaware_5bps_grosslabels_affine,0.05640796867331611,-5.422279409403417e-14,0.056407968673261887
2017-01-31,ALL,ML_RF_longonly_costaware_5bps_grosslabels_affine,-0.022688207570492527,-9.999999996512328e-05,-0.02278820757045765
2017-02-28,ALL,ML_RF_longonly_costaware_5bps_grosslabels_affine,-0.013005988375858956,-9.999999995812214e-05,-0.013105988375817078
2017-03-31,ALL,ML_RF_longonly_costaware_5bps_grosslabels_affine,0.003529657143532107,-4.79299854243033e-13,0.0035296571430528073
2017-04-30,ALL,ML_RF_longonly_costaware_5bps_grosslabels_affine,0.05195568074868679,-2.6221518733870525e-13,0.051955680748424576
2017-05-31,ALL,ML_RF_longonly_costaware_5bps_grosslabels_affine,0.009452916859658277,-5.681742878928109e-13,0.009452916859090103
2017-06-30,ALL,ML_RF_longonly_costaware_5bps_grosslabels_affine,0.025017608042895316,-3.3177907701081483e-13,0.025017608042563536
2017-07-31,ALL,ML_RF_longonly_costaware_5bps_grosslabels_affine,0.048340737879899696,-9.005976247771849e-14,0.04834073787980964
2017-08-31,ALL,ML_RF_longonly_costaware_5bps_grosslabels_affine,-0.009329831499961866,-1.0129482349217217e-13,-0.00932983150006316
2017-09-30,ALL,ML_RF_longonly_costaware_5bps_grosslabels_affine,-0.09476997446536448,-9.999999999455906e-05,-0.09486997446535904
2017-10-31,ALL,ML_RF_longonly_costaware_5bps_grosslabels_affine,-0.07433946212344897,-1.365580883886752e-14,-0.07433946212346262
2017-11-30,ALL,ML_RF_longonly_costaware_5bps_grosslabels_affine,-0.09411236637096919,-0.0001000000000002802,-0.09421236637096947
2017-12-31,ALL,ML_RF_longonly_costaware_5bps_grosslabels_affine,0.04999916372166518,-0.0001000000000001334,0.049899163721665044
2018-01-31,ALL,ML_RF_longonly_costaware_5bps_grosslabels_affine,0.0366509076092631,-0.00010000000002544227,0.03655090760923766
2018-02-28,ALL,ML_RF_longonly_costaware_5bps_grosslabels_affine,0.022096859296591703,-0.0001000000000088806,0.02199685929658282
2018-03-31,ALL,ML_RF_longonly_costaware_5bps_grosslabels_affine,0.07825973871688591,-5.70558145893772e-14,0.07825973871682886
2018-04-30,ALL,ML_RF_longonly_costaware_5bps_grosslabels_affine,0.06319448959892891,-9.999999998893111e-05,0.06309448959893998
2018-05-31,ALL,ML_RF_longonly_costaware_5bps_grosslabels_affine,0.09221285821115936,-0.00010000000000015145,0.09211285821115921
2018-06-30,ALL,ML_RF_longonly_costaware_5bps_grosslabels_affine,-0.01646432556192962,-1.0777765363112304e-15,-0.0164643255619307
2018-07-31,ALL,ML_RF_longonly_costaware_5bps_grosslabels_affine,-0.04323498944702199,-7.206868149789359e-15,-0.0432349894470292
2018-08-31,ALL,ML_RF_longonly_costaware_5bps_grosslabels_affine,0.0004168877657284838,-9.999999999932338e-05,0.0003168877657291604
2018-09-30,ALL,ML_RF_longonly_costaware_5bps_grosslabels_affine,0.031723709013784664,-3.023631177019446e-15,0.03172370901378164
2018-10-31,ALL,ML_RF_longonly_costaware_5bps_grosslabels_affine,-0.0051455220092837825,-3.505222172829385e-15,-0.0051455220092872875
2018-11-30,ALL,ML_RF_longonly_costaware_5bps_grosslabels_affine,0.0028347278356477042,-4.5169794153448746e-15,0.0028347278356431875
2018-12-31,ALL,ML_RF_longonly_costaware_5bps_grosslabels_affine,0.007728796564362337,-9.999999999932888e-05,0.007628796564363008
2019-01-31,ALL,ML_RF_longonly_costaware_5bps_grosslabels_affine,-0.0438473681770125,-0.00010000000008461163,-0.04394736817709711
2019-02-28,ALL,ML_RF_longonly_costaware_5bps_grosslabels_affine,-0.16772519407225892,-1.731657847450689e-13,-0.16772519407243208
2019-03-31,ALL,ML_RF_longonly_costaware_5bps_grosslabels_affine,0.13965659861206237,-0.0001999999999887765,0.1394565986120736
2019-04-30,ALL,ML_RF_longonly_costaware_5bps_grosslabels_affine,0.07028874388800355,-0.00029999999998740957,0.06998874388801614
2019-05-31,ALL,ML_RF_longonly_costaware_5bps_grosslabels_affine,0.028287382494054922,-5.7351930060102605e-15,0.028287382494049187
2019-06-30,ALL,ML_RF_longonly_costaware_5bps_grosslabels_affine,0.12850488733533566,-1.4359383323432665e-15,0.12850488733533422
2019-07-31,ALL,ML_RF_longonly_costaware_5bps_grosslabels_affine,0.08677842602618754,-0.00010000000000129014,0.08667842602618625
2019-08-31,ALL,ML_RF_longonly_costaware_5bps_grosslabels_affine,-0.02344453174087996,-0.00019999999999617592,-0.023644531740876135
2019-09-30,ALL,ML_RF_longonly_costaware_5bps_grosslabels_affine,0.04839500503395055,-0.00019999999999090496,0.04819500503395965
2019-10-31,ALL,ML_RF_longonly_costaware_5bps_grosslabels_affine,0.23399439053323046,-3.7692277883437307e-13,0.23399439053285354
2019-11-30,ALL,ML_RF_longonly_costaware_5bps_grosslabels_affine,0.1658651634823677,-9.999999998173293e-05,0.16576516348238599
2019-12-31,ALL,ML_RF_longonly_costaware_5bps_grosslabels_affine,0.1100726312682509,-1.037277686836823e-14,0.11007263126824053
2020-01-31,ALL,ML_RF_longonly_costaware_5bps_grosslabels_affine,0.0028977503521221463,-8.893773654493556e-15,0.0028977503521132523
2020-02-29,ALL,ML_RF_longonly_costaware_5bps_grosslabels_affine,0.034764732007943,-9.999999999821125e-05,0.03466473200794479
2020-03-31,ALL,ML_RF_longonly_costaware_5bps_grosslabels_affine,0.03486511332521174,-0.00010000000000608415,0.03476511332520566
2020-04-30,ALL,ML_RF_longonly_costaware_5bps_grosslabels_affine,-0.02986664211351005,-0.0001999999999951401,-0.030066642113505192
2020-05-31,ALL,ML_RF_longonly_costaware_5bps_grosslabels_affine,-0.020854067183878233,-3.902161005677013e-15,-0.020854067183882136
2020-06-30,ALL,ML_RF_longonly_costaware_5bps_grosslabels_affine,0.03676153327381212,-0.00010000000031268163,0.036661533273499435
2020-07-31,ALL,ML_RF_longonly_costaware_5bps_grosslabels_affine,0.06903322740773558,-2.9049631314622427e-12,0.06903322740483062
2020-08-31,ALL,ML_RF_longonly_costaware_5bps_grosslabels_affine,-0.06127699573414055,-1.1783565077213542e-12,-0.061276995735318904
2020-09-30,ALL,ML_RF_longonly_costaware_5bps_grosslabels_affine,0.14133131206767013,-0.00010000000000129392,0.14123131206766884
2020-10-31,ALL,ML_RF_longonly_costaware_5bps_grosslabels_affine,-0.026425727437151568,-0.00010000000001206151,-0.02652572743716363
2020-11-30,ALL,ML_RF_longonly_costaware_5bps_grosslabels_affine,-0.017211354327147505,-9.999999999119632e-05,-0.017311354327138703
2020-12-31,ALL,ML_RF_longonly_costaware_5bps_grosslabels_affine,-0.10532199301899194,-3.722234421489966e-14,-0.10532199301902916
2021-01-31,ALL,ML_RF_longonly_costaware_5bps_grosslabels_affine,-0.00915747798772575,-9.999999997603912e-05,-0.00925747798770179
2021-02-28,ALL,ML_RF_longonly_costaware_5bps_grosslabels_affine,0.056775497429955864,-0.00010000000000948558,0.056675497429946375
2021-03-31,ALL,ML_RF_longonly_costaware_5bps_grosslabels_affine,-0.12818083387782245,-9.916917391717405e-14,-0.12818083387792162
2021-04-30,ALL,ML_RF_longonly_costaware_5bps_grosslabels_affine,-0.051810956407316755,-9.99999999923582e-05,-0.05191095640730911
2021-05-31,ALL,ML_RF_longonly_costaware_5bps_grosslabels_affine,-0.057264591538674824,-0.000199999999931313,-0.057464591538606134
2021-06-30,ALL,ML_RF_longonly_costaware_5bps_grosslabels_affine,0.13412852106849837,-0.00010000000002108908,0.1340285210684773
2021-07-31,ALL,ML_RF_longonly_costaware_5bps_grosslabels_affine,-0.02964981707602895,-4.748457861457682e-14,-0.029649817076076432
2021-08-31,ALL,ML_RF_longonly_costaware_5bps_grosslabels_affine,-0.10917045989226788,-1.258790805624701e-13,-0.10917045989239377
2021-09-30,ALL,ML_RF_longonly_costaware_5bps_grosslabels_affine,0.023034361467963026,-3.288502037970553e-13,0.023034361467634174
2021-10-31,ALL,ML_RF_longonly_costaware_5bps_grosslabels_affine,0.0910517761230817,-2.1738186962860258e-13,0.09105177612286432
2021-11-30,ALL,ML_RF_longonly_costaware_5bps_grosslabels_affine,-0.07512500428510903,-0.00010000000014417163,-0.0752250042852532
2021-12-31,ALL,ML_RF_longonly_costaware_5bps_grosslabels_affine,0.1325960355579944,-9.999999997321137e-05,0.1324960355580212
2022-01-31,ALL,ML_RF_longonly_costaware_5bps_grosslabels_affine,-0.028813068282189443,-9.999999997692619e-05,-0.02891306828216637
2022-02-28,ALL,ML_RF_longonly_costaware_5bps_grosslabels_affine,0.08094747655032825,-9.999999997097315e-05,0.08084747655035728
2022-03-31,ALL,ML_RF_longonly_costaware_5bps_grosslabels_affine,-0.0013311963922779217,-2.1266176208155443e-13,-0.0013311963924905834
2022-04-30,ALL,ML_RF_longonly_costaware_5bps_grosslabels_affine,-0.0019722713981613024,-4.842495894017152e-14,-0.001972271398209727
2022-05-31,ALL,ML_RF_longonly_costaware_5bps_grosslabels_affine,0.053605957160916214,-6.467580409017805e-14,0.053605957160851536
2022-06-30,ALL,ML_RF_longonly_costaware_5bps_grosslabels_affine,0.00191296104282947,-3.296972349454408e-14,0.0019129610427965002
2022-07-31,ALL,ML_RF_longonly_costaware_5bps_grosslabels_affine,-0.05782306170440635,-1.496738358675213e-14,-0.057823061704421315
2022-08-31,ALL,ML_RF_longonly_costaware_5bps_grosslabels_affine,-0.031839581051271826,-0.00010000000001437513,-0.0319395810512862
2022-09-30,ALL,ML_RF_longonly_costaware_5bps_grosslabels_affine,-0.016543254356784554,-0.00010000000002715755,-0.016643254356811712
2022-10-31,ALL,ML_RF_longonly_costaware_5bps_grosslabels_affine,0.0952571302549415,-9.99999999973639e-05,0.09515713025494413
2022-11-30,ALL,ML_RF_longonly_costaware_5bps_grosslabels_affine,0.060797621579024866,-4.038256484608832e-14,0.06079762157898448
2022-12-31,ALL,ML_RF_longonly_costaware_5bps_grosslabels_affine,-0.02782710960900814,-9.99999974845648e-05,-0.027927109606492705
2023-01-31,ALL,ML_RF_longonly_costaware_5bps_grosslabels_affine,0.13040928221881537,-9.99999974971781e-05,0.13030928222131818
2023-02-28,ALL,ML_RF_longonly_costaware_5bps_grosslabels_affine,0.04343712015756701,-1.0673495451208467e-14,0.04343712015755634
2023-03-31,ALL,ML_RF_longonly_costaware_5bps_grosslabels_affine,-0.06581653742038102,-9.812003226534821e-15,-0.06581653742039083
2023-04-30,ALL,ML_RF_longonly_costaware_5bps_grosslabels_affine,0.07883310061150134,-1.7656112165385802e-15,0.07883310061149958
2023-05-31,ALL,ML_RF_longonly_costaware_5bps_grosslabels_affine,0.019678267275157223,-2.8292228793559173e-15,0.019678267275154395
2023-06-30,ALL,ML_RF_longonly_costaware_5bps_grosslabels_affine,0.0007980079664829661,-4.580342975712132e-14,0.0007980079664371627
2023-07-31,ALL,ML_RF_longonly_costaware_5bps_grosslabels_affine,-0.010490089199107199,-4.176779147707512e-14,-0.010490089199148966
2023-08-31,ALL,ML_RF_longonly_costaware_5bps_grosslabels_affine,0.024684189773056798,-4.777423684176676e-15,0.02468418977305202
2023-09-30,ALL,ML_RF_longonly_costaware_5bps_grosslabels_affine,-0.0010948241664483962,-1.6830659146324579e-13,-0.0010948241666167027
2023-10-31,ALL,ML_RF_longonly_costaware_5bps_grosslabels_affine,0.05745304017216478,-0.00010000000005527111,0.05735304017210951
2023-11-30,ALL,ML_RF_longonly_costaware_5bps_grosslabels_affine,-0.042959675854636885,-0.00019999999999794927,-0.04315967585463484
2023-12-31,ALL,ML_RF_longonly_costaware_5bps_grosslabels_affine,0.04898597234335735,-1.1770812363556088e-14,0.048985972343345584
2024-01-31,ALL,ML_RF_longonly_costaware_5bps_grosslabels_affine,-0.1069901756421265,-6.3853502243545835e-15,-0.10699017564213288
2024-02-29,ALL,ML_RF_longonly_costaware_5bps_grosslabels_affine,-0.04298958693720052,-3.58062999069937e-15,-0.0429895869372041
2024-03-31,ALL,ML_RF_longonly_costaware_5bps_grosslabels_affine,0.029626588444158705,-4.602914376536397e-15,0.0296265884441541
2024-04-30,ALL,ML_RF_longonly_costaware_5bps_grosslabels_affine,0.10272039036645554,-3.842102263867371e-15,0.1027203903664517
2024-05-31,ALL,ML_RF_longonly_costaware_5bps_grosslabels_affine,0.04007405509815896,-5.70883601359417e-15,0.04007405509815325
2024-06-30,ALL,ML_RF_longonly_costaware_5bps_grosslabels_affine,0.08489725767334137,-1.366801149378457e-15,0.08489725767334001
2024-07-31,ALL,ML_RF_longonly_costaware_5bps_grosslabels_affine,0.01938000973674298,-3.2532896260409155e-15,0.019380009736739725
2024-08-31,ALL,ML_RF_longonly_costaware_5bps_grosslabels_affine,0.018503504203609817,-1.7897279218812936e-15,0.018503504203608027
2024-09-30,ALL,ML_RF_longonly_costaware_5bps_grosslabels_affine,0.0,-2.9104485969093105e-15,-2.9104485969093105e-15
